MapLink,Name,Rating,Address,Image
,,,,
,,,,
https://www.google.com/maps/place/T%C3%A2n+%C4%90i%E1%BB%81n+Qu%C3%A1n/data=!4m7!3m6!1s0x3175335fbe0f5429:0x90512f0062924d79!8m2!3d10.6352776!4d106.6168085!16s%2Fg%2F11q1cz28sb!19sChIJKVQPvl8zdTEReU2SYgAvUZA?authuser=0&hl=vi&rclk=1,Tân Điền Quán,"4,4",770 ĐT. 14,https://lh3.googleusercontent.com/gps-cs-s/AHVAwer9c0p54tIW2iZ39SV8FOnGUit90oVsaMc6-07h5SdX4Za6sA6UYoYyI9gckAjprWCyFRp_D49F0FbKzWPdJO78MSgmdEvWveNuC--usNhbWONxYng79RHUGbZpBGESRkkKnCPx=w120-h92-k-no
https://www.google.com/maps/place/Qu%C3%A1n+%C4%83n+S%C3%B4ng+Qu%C3%AA+-+C%E1%BA%A7n+Giu%E1%BB%99c/data=!4m7!3m6!1s0x3175315d98f133f3:0x7469ebb546c4c9e7!8m2!3d10.6213293!4d106.6711672!16s%2Fg%2F11p_23n3q8!19sChIJ8zPxmF0xdTER58nERrXraXQ?authuser=0&hl=vi&rclk=1,Quán ăn Sông Quê - Cần Giuộc,"4,5",·,https://lh3.googleusercontent.com/gps-cs-s/AHVAwepCiO-X4decTFEbF3m-LHkB7FLWVXjMdc2sSYe6dOcIJBwJBiBa41TraF-6VS1uR21OZJoQgA6w5iazZetaDWW_jzfxxDTruu5UOXdzUEtXYvPo11STbBShUELB3BdUJD05HXNl=w122-h92-k-no
https://www.google.com/maps/place/Qu%C3%A1n+%C4%83n+s%C3%A2n+v%C6%B0%E1%BB%9Dn+Qu%C3%AA+Nh%C3%A0/data=!4m7!3m6!1s0x31753734ddd82acf:0x81441c78fddcb768!8m2!3d10.591512!4d106.659095!16s%2Fg%2F11j7n7v2cv!19sChIJzyrY3TQ3dTERaLfc_XgcRIE?authuser=0&hl=vi&rclk=1,Quán ăn sân vườn Quê Nhà,"4,3",,https://lh3.googleusercontent.com/p/AF1QipMgsxZXBU1bk4Bx3DS3FucV_u3gtxURaUyFXE6X=w163-h92-k-no
https://www.google.com/maps/place/Qu%C3%A1n+%C4%83n+s%C3%A2n+v%C6%B0%E1%BB%9Dn+Y%E1%BA%BFn+Tr%C3%A2m/data=!4m7!3m6!1s0x317533977bc49cc3:0x1ddd20f8202e44bc!8m2!3d10.6394171!4d106.5943494!16s%2Fg%2F11g8kcwnm9!19sChIJw5zEe5czdTERvEQuIPgg3R0?authuser=0&hl=vi&rclk=1,Quán ăn sân vườn Yến Trâm,"3,8",·,https://lh3.googleusercontent.com/gps-cs-s/AHVAwerY95EPOKr7COexrhHIqYYSTx4JZ9R7InH5ioJZOPV8_xbDD2wwN-HgYDk5uZ4M-4nPI21u_xLQpDXzwBY_XGtBD2vuWFN0a-lShkf2XGaRrQfaqaMKAVWSoI3W-KvjWZg7GUezfQ=w189-h92-k-no
https://www.google.com/maps/place/Qu%C3%A1n+%E1%BB%91c+G%E1%BA%A5m+ngon+nh%E1%BA%A5t+C%E1%BA%A7n+Giu%E1%BB%99c/data=!4m7!3m6!1s0x317537004694dfb3:0x79a65913381606c0!8m2!3d10.6100463!4d106.6703315!16s%2Fg%2F11vt1ynqxp!19sChIJs9-URgA3dTERwAYWOBNZpnk?authuser=0&hl=vi&rclk=1,Quán ốc Gấm ngon nhất Cần Giuộc,"4,8",Số 4 Tổ 7,https://lh3.googleusercontent.com/gps-cs-s/AHVAweo35jSHg_LQOJTuWHDdhqYXGLP6J1BucCbLPwZiRmMbSOENU2GnnkfIg3-WV8NrDe4oVNNCa6EdcgVi-B_xp0KYk5uPcn0909jpqD0xxWL8lNKKId2rUlV59cjQNhF-H8iL40c=w122-h92-k-no
https://www.google.com/maps/place/UPPA+BBQ+N%C6%B0%E1%BB%9Bng+l%E1%BA%A9u+H%C3%A0n+Qu%E1%BB%91c/data=!4m7!3m6!1s0x3175379e35673f5b:0x7b0316bd0780d973!8m2!3d10.6002551!4d106.6697184!16s%2Fg%2F11s5_w2syp!19sChIJWz9nNZ43dTERc9mAB70WA3s?authuser=0&hl=vi&rclk=1,UPPA BBQ Nướng lẩu Hàn Quốc,"4,9",18 Trương Văn Bang,https://lh3.googleusercontent.com/gps-cs-s/AHVAweq6WlnHfbyawQnIs4l_dXaCCo_ZoVN-P8AxU6MgYB900paDlm6Ck3Qwj-2HZ2-nejc1626cNSHEM1dGI9k9B-CNH4_VoIiT4xO3-4_uq8xRYf9wkRNfvVyCdxTzySQVaYc-Xq2YhA=w163-h92-k-no
https://www.google.com/maps/place/Qu%C3%A1n+%C4%83n+T%C3%A0i+K%C3%BD+%EF%BC%88%E8%B4%A2%E8%AE%B0%EF%BC%89CN+Long+An/data=!4m7!3m6!1s0x317531123406624d:0xc8fc071aaf058484!8m2!3d10.6286415!4d106.6596253!16s%2Fg%2F11mjrw_27g!19sChIJTWIGNBIxdTERhIQFrxoH_Mg?authuser=0&hl=vi&rclk=1,Quán ăn Tài Ký （财记）CN Long An,5,JMH5+FV2,https://streetviewpixels-pa.googleapis.com/v1/thumbnail?panoid=gAQsEr6wVgSWBJdcPl33kw&cb_client=search.gws-prod.gps&w=80&h=92&yaw=267.26053&pitch=0&thumbfov=100
https://www.google.com/maps/place/Nh%C3%A0+H%C3%A0ng+H%C6%B0%C6%A1ng+%C4%90%E1%BB%93ng/data=!4m7!3m6!1s0x317536c123295cf3:0xde97571283aaa037!8m2!3d10.6000316!4d106.65638!16s%2Fg%2F11fyx8x58j!19sChIJ81wpI8E2dTERN6CqgxJXl94?authuser=0&hl=vi&rclk=1,Nhà Hàng Hương Đồng,"3,9","JM24+2H6, Tuyến tránh QL50",https://lh3.googleusercontent.com/gps-cs-s/AHVAwep3HjliWHAuwYO7PPjNMgGszef2KiX0LNJCIBwD8GuDuAU67Qa7r6TToNwh5CFIuYaaoy9-3i823lKHHX0lJ4uIdG0wdHMf73K5R3Dxj5fLyRt7b9vjgGOePETKhkk8XlM3FMPzJQ=w122-h92-k-no
https://www.google.com/maps/place/Qu%C3%A1n+%C4%82n+1+%C4%90%C3%B4/data=!4m7!3m6!1s0x317533fe3e13b07b:0xef94627c326df543!8m2!3d10.6372716!4d106.6155644!16s%2Fg%2F11ql_c7c3p!19sChIJe7ATPv4zdTERQ_VtMnxilO8?authuser=0&hl=vi&rclk=1,Quán Ăn 1 Đô,5,"JJP8+W64, Unnamed",https://streetviewpixels-pa.googleapis.com/v1/thumbnail?panoid=ZtUb1p0V8Lw120IGGMDsyw&cb_client=search.gws-prod.gps&w=80&h=92&yaw=99.16522&pitch=0&thumbfov=100
https://www.google.com/maps/place/L%C3%A1+-+M%E1%BB%93i+%26+Bia+C%E1%BA%A7n+Giu%E1%BB%99c/data=!4m7!3m6!1s0x317537a56a05fca9:0x413fa6b58a3f3ee!8m2!3d10.5966902!4d106.6598709!16s%2Fg%2F11yrk95sxt!19sChIJqfwFaqU3dTER7vOjWGv6EwQ?authuser=0&hl=vi&rclk=1,Lá - Mồi & Bia Cần Giuộc,"4,5",,https://lh3.googleusercontent.com/p/AF1QipPEBa9KvxbKY501a3Dq2gYvwwmAZHOv9XwQTqQ=w82-h92-k-no
https://www.google.com/maps/place/Qu%C3%A1n+%C4%83n+N%C4%83m+Ch%C3%A2u/data=!4m7!3m6!1s0x317537f40d15d8a1:0x9d2902f867ce81cc!8m2!3d10.6049646!4d106.667049!16s%2Fg%2F11fktsy3yr!19sChIJodgVDfQ3dTERzIHOZ_gCKZ0?authuser=0&hl=vi&rclk=1,Quán ăn Năm Châu,"4,1",Hẻm 50 Đ. Nguyễn Thái Bình,https://lh3.googleusercontent.com/gps-cs-s/AHVAwepxbSZoHoFy0WGU8KvlLbG5HEBVzTZVxrdAIFZOhA2ValzwZR_hDVVtblIDnZW8OuaWMUdQeCHEXhEDA5_LYvG7mbW2fHGHF8Z09nyTg3o5_iG7Hvh0slSkT1kwW3l9XhLTJOjv=w163-h92-k-no
https://www.google.com/maps/place/Qu%C3%A1n+%C4%82n+Gia+%C4%90%C3%ACnh+THE+SUN+C%E1%BA%A6N+GIU%E1%BB%98C/data=!4m7!3m6!1s0x317537004588231d:0x7dc6bc5bccc3cee7!8m2!3d10.6147844!4d106.6654544!16s%2Fg%2F11xmch7191!19sChIJHSOIRQA3dTER587DzFu8xn0?authuser=0&hl=vi&rclk=1,Quán Ăn Gia Đình THE SUN CẦN GIUỘC,"4,9",86A Đ. Nguyễn Thái Bình,https://lh3.googleusercontent.com/gps-cs-s/AHVAweq-Gl340hL5aPrg3Qk4n2KTHY0wcyCe8BOXyjEFuR9e7wKSxJlVezmzNxkKdX8M2yOEvMI4rQ3YN1zqCNx7dB0puDQXhjeVv6ao5g9yQDR6W1tPhXqSiFhBI8f3swLy5zzmVgK43jTQYO44=w80-h106-k-no
https://www.google.com/maps/place/Qu%C3%A1n+T%E1%BB%9Bi+B%E1%BA%BFn+Qu%C3%A1n/data=!4m7!3m6!1s0x317533bc7c9cdcc7:0x4b92cb21aef6eb1e!8m2!3d10.6439603!4d106.5882776!16s%2Fg%2F11qbdllq3v!19sChIJx9ycfLwzdTERHuv2riHLkks?authuser=0&hl=vi&rclk=1,Quán Tới Bến Quán,5,JHVQ+H8R,https://streetviewpixels-pa.googleapis.com/v1/thumbnail?panoid=hEKHWrTKaa_dW5CSEOTCQw&cb_client=search.gws-prod.gps&w=80&h=92&yaw=59.874985&pitch=0&thumbfov=100
https://www.google.com/maps/place/%E1%BA%A8m+Th%E1%BB%B1c+FC/data=!4m7!3m6!1s0x3175370032720cef:0x335593d2726d0e20!8m2!3d10.6041118!4d106.6728868!16s%2Fg%2F11x33xwkg7!19sChIJ7wxyMgA3dTERIA5tctKTVTM?authuser=0&hl=vi&rclk=1,Ẩm Thực FC,"4,7",32a Nguyễn An Ninh,https://lh3.googleusercontent.com/gps-cs-s/AHVAweoiC7h8eF8-2BYIKi0EaOH2rF5-IvUpxGQrraBi4f2JOL6UbV6OGYUy1yXmjpI8wdALbTtOerwqAxsAVq3jPUa-YxMSsZkQyDK-ndyYj3_1dZAb-AGPubpbYVTFBC9bZbpnjwyUfOTsOl0=w163-h92-k-no
https://www.google.com/maps/place/Qu%C3%A1n+%C4%83n+gia+%C4%91%C3%ACnh+Nh%E1%BA%A5t+%C4%90%E1%BA%A1i+Qu%C3%A1n/data=!4m7!3m6!1s0x31753749719ac127:0x244196c656f8663a!8m2!3d10.6072253!4d106.6662926!16s%2Fg%2F11j5b6bqwq!19sChIJJ8GacUk3dTEROmb4VsaWQSQ?authuser=0&hl=vi&rclk=1,Quán ăn gia đình Nhất Đại Quán,"4,8",110 Đ. Nguyễn Thái Bình,https://lh3.googleusercontent.com/gps-cs-s/AHVAwepzxuqxS4h1raC1mCZRvNUq2yPghA6Z4q-0VUsYW_tbeRMOLUxwTZS7_45ADFFMz2xEsBEwyR5pHO_UoYjxTM1advxT6MBt28O3pWFyDsTjaDL2PNxisKDxnw3U421zxDegdPjccw=w80-h106-k-no
https://www.google.com/maps/place/Nh%C3%A0+Ha%CC%80ng+Ha%CC%89i+Sa%CC%89n+B%C6%A1%CC%80+S%C3%B4ng/data=!4m7!3m6!1s0x31753717bf5d5f67:0xe074e96a8ba45957!8m2!3d10.6047175!4d106.6768454!16s%2Fg%2F11qr2bh6jc!19sChIJZ19dvxc3dTERV1mki2rpdOA?authuser=0&hl=vi&rclk=1,Nhà Hàng Hải Sản Bờ Sông,"3,9",341 Lãnh Binh Thái,https://lh3.googleusercontent.com/gps-cs-s/AHVAweqbpJ0D_eG-cCylcN9aBI_qFSFvyqkz5v8MPTBl4aCanaBRkfQ2BCuikTonoAwd9exYgYWoFHoxgQD27VTaok9SWdX7giA2_YziWBn-ws-8qnhta86mP2g3QTceC9FIAT53elk=w122-h92-k-no
https://www.google.com/maps/place/Qu%C3%A1n+%C4%82n+Gia+%C4%90%C3%ACnh+KIM+H%C3%82N/data=!4m7!3m6!1s0x3175356ba2563bfb:0x76078774941f8150!8m2!3d10.6059356!4d106.622583!16s%2Fg%2F11gj6b55x3!19sChIJ-ztWoms1dTERUIEflHSHB3Y?authuser=0&hl=vi&rclk=1,Quán Ăn Gia Đình KIM HÂN,"3,3","JJ4F+92G, ĐT835B",https://lh3.googleusercontent.com/gps-cs-s/AHVAwerPRdeJmTs-dw3Lq7E3-yY35qEXya9rz-K-SvnfpQCnwbX4G4MN2eEaC7DLDXVws1aeJVNBQ9ujF6GCRp8UhVTnmGC7bd8WaWKmtBmVW1V-26rVFmFV-rdISaHS61OKJlhFGPEdFA=w163-h92-k-no
https://www.google.com/maps/place/Qu%C3%A1n+B%E1%BB%9D+%C4%90%C3%AA/data=!4m7!3m6!1s0x3175312b8134d7f7:0xc8840f7f495430bd!8m2!3d10.6196992!4d106.6706776!16s%2Fg%2F11c4x26rwx!19sChIJ99c0gSsxdTERvTBUSX8PhMg?authuser=0&hl=vi&rclk=1,Quán Bờ Đê,4,·,https://lh3.googleusercontent.com/gps-cs-s/AHVAwep8tXEtKWQS05Eh8dr3Fl1OrTkMP0ErXIjNMyOMZRH-rAxs3q8Ny3C03anZfYKpcYivzk5pLVBaNcPIlRHR3gjeEr2z82zExl_bj5-D8ZxbMZAFxm3lytayR5PtS9KnSfIORzHd=w163-h92-k-no
https://www.google.com/maps/place/Nh%C3%A0+H%C3%A0ng+M%E1%BB%B9+Y%E1%BA%BFn/data=!4m7!3m6!1s0x317537d0d530ebcb:0x39b45f6fec74fafe!8m2!3d10.6059938!4d106.6667362!16s%2Fg%2F11n03h504x!19sChIJy-sw1dA3dTER_vp07G9ftDk?authuser=0&hl=vi&rclk=1,Nhà Hàng Mỹ Yến,"4,2",Đ. Nguyễn Thái Bình,https://lh3.googleusercontent.com/gps-cs-s/AHVAweoZkIEU_iZMCTm_An53g6hAVP6tNL88KE0ULjgH7CBg_k0ntIVHno0Va-iqFzvclnZwGdi47o0z_4OgRYPLpMX8CRtBJZhsHJd79OTkBXzLO8EfJOxWlPRZNZx4ZV4u6ZDIdK08yA=w186-h92-k-no
https://www.google.com/maps/place/Nh%C3%A0+h%C3%A0ng+Lu+x%C6%B0a/data=!4m7!3m6!1s0x3175378cb75345c3:0x56fc0c75741d3a09!8m2!3d10.6019234!4d106.6818631!16s%2Fg%2F11sgh_nyv5!19sChIJw0VTt4w3dTERCToddHUM_FY?authuser=0&hl=vi&rclk=1,Nhà hàng Lu xưa,"4,3",Nguyễn Thị Bẹ,https://lh3.googleusercontent.com/gps-cs-s/AHVAweqQZyW9sGQ-7-Ry5lGR17UV2WQ9gqeRPkOhDdbQjyHWK4nJNBKoDwlcVJZ6ITeM4xwrYtKpVsk-lTC8aeohgLGBZ7Ny3NNkIjVIHJkosubwCNTbCRgStakINt2yIBWFBHipMfPQ=w122-h92-k-no
https://www.google.com/maps/place/B%C3%BAn+Xi%C3%AAm+Lo+Tr%E1%BB%8Dng+Ngh%C4%A9a+C%E1%BA%A7n+Giu%E1%BB%99c/data=!4m7!3m6!1s0x317537cd6d2d7457:0x1eb0e584129676f2!8m2!3d10.6148118!4d106.6653914!16s%2Fg%2F11tp2bjy4_!19sChIJV3Qtbc03dTER8naWEoTlsB4?authuser=0&hl=vi&rclk=1,Bún Xiêm Lo Trọng Nghĩa Cần Giuộc,"4,8",86A Đ. Nguyễn Thái Bình,https://lh3.googleusercontent.com/gps-cs-s/AHVAwepC-A6JCKbEJ0izZqJxy3Ekv5ez-THX7J--8ngDElM85TzABwyWe3iJk_MZyVjK73CGGLUtTxfaRAKB-uAeO44Qg6vvK2Bf_HsA2BTkaDjNiujvYx4CPLDp9-ERi8JwLiCajKatcQ=w122-h92-k-no
https://www.google.com/maps/place/M%E1%BB%99c+Korean+BBQ/data=!4m7!3m6!1s0x3175372ae3d08adb:0xdd37d9db8a6d883a!8m2!3d10.5912277!4d106.676607!16s%2Fg%2F11ksrqrz2m!19sChIJ24rQ4yo3dTEROohtitvZN90?authuser=0&hl=vi&rclk=1,Mộc Korean BBQ,"4,9","khu dân cư, D6/đường Tân Phú Thịnh",https://lh3.googleusercontent.com/p/AF1QipPvc408oArF_SmdYXqhcu_gZL9Vb-MSBkZta6S7=w137-h92-k-no
https://www.google.com/maps/place/Qu%C3%A1n+%E1%BB%90c+Nhi+Nhi/data=!4m7!3m6!1s0x317533eb73b794b3:0x8d63f4d6dec31754!8m2!3d10.6374828!4d106.6079645!16s%2Fg%2F11l7l5750f!19sChIJs5S3c-szdTERVBfD3tb0Y40?authuser=0&hl=vi&rclk=1,Quán Ốc Nhi Nhi,"4,3","JJP5+X5W, ĐT835B",https://lh3.googleusercontent.com/gps-cs-s/AHVAwep4Pu5Z6nzu89OJJnFGHJjuui1SpFm8BZTH7EBqg8GiFWMm2VWHPd5l8rfhdmWI_z4tW1JW9yVbkjsAuNb8GBe-qBgAoeiEuWBa65wfuyknqLYCZDVnmqdlgA-BUBh-uIkl4DiQmaSphrf6=w163-h92-k-no
https://www.google.com/maps/place/D%E1%BB%8ACH+V%E1%BB%A4+N%E1%BA%A4U+%C4%82N+NGON+TPHCM+-+D%E1%BB%8ACH+V%E1%BB%A4+N%E1%BA%A4U+%C4%82N+NG%E1%BB%8CC+V%E1%BA%B8N/data=!4m7!3m6!1s0x3175356b7e533965:0x5f82de571042a726!8m2!3d10.6127934!4d106.6108213!16s%2Fg%2F11h6flg778!19sChIJZTlTfms1dTERJqdCEFfegl8?authuser=0&hl=vi&rclk=1,DỊCH VỤ NẤU ĂN NGON TPHCM - DỊCH VỤ NẤU ĂN NGỌC VẸN,4,Ấp Trong,https://lh3.googleusercontent.com/gps-cs-s/AHVAweosYdzqaLcqVg1yB9i60G-QRdk2x9hGhAibnPK338wSbyGFSpu0Imz2FNS5Ct8WHzARPbaqJVHdG0XvHVjVotgssk7Z_dtp3fEC7y_LDGv9WqdMxESHSUTCnRY3K04RH4214rRv9Q=w80-h106-k-no
https://www.google.com/maps/place/Ph%C3%BA+M%E1%BA%ADp+Qu%C3%A1n/data=!4m7!3m6!1s0x3175332140c62b6d:0x61623377a6c4019f!8m2!3d10.6411382!4d106.6063621!16s%2Fg%2F11sd6sqwv0!19sChIJbSvGQCEzdTERnwHEpnczYmE?authuser=0&hl=vi&rclk=1,Phú Mập Quán,"4,3",308 Đường Huỳnh Văn Tiết,https://lh3.googleusercontent.com/p/AF1QipNTlAnHA6XRV-fDScyofUMerOxQZDS0j7cojyJb=w80-h106-k-no
https://www.google.com/maps/place/D%E1%BB%8Bch+v%E1%BB%A5+n%E1%BA%A5u+%C4%83n+Th%C3%B9y+D%C6%B0%C6%A1ng/data=!4m7!3m6!1s0x3175355aea99a56f:0x99a7b9c54d8c7587!8m2!3d10.5767791!4d106.6022548!16s%2Fg%2F11fm6_rztl!19sChIJb6WZ6lo1dTERh3WMTcW5p5k?authuser=0&hl=vi&rclk=1,Dịch vụ nấu ăn Thùy Dương,"4,8",644 Thuận Tây 1,https://lh3.googleusercontent.com/gps-cs-s/AHVAwerAm5l402MrKcFE6auqB01n3thw1cVh0yrW-bsbDCXGc_tY29mchvSosY4TeWDSOie-kDUtsD2QX-GKO30ZdAmbrkyjXvIZUZ2hBocOe74p7eynxX4AVRWF2fiKqG-IoVFziGY7W_aZ-gk=w80-h106-k-no
https://www.google.com/maps/place/B%C3%A1nh+M%C3%AC+T%C6%B0%C6%A1i+Thanh+Th%E1%BB%A7y/data=!4m7!3m6!1s0x317536d739c3dc11:0x67370cf2e150a33b!8m2!3d10.6073623!4d106.6709925!16s%2Fg%2F11c37n9zxl!19sChIJEdzDOdc2dTERO6NQ4fIMN2c?authuser=0&hl=vi&rclk=1,Bánh Mì Tươi Thanh Thủy,"4,5",JM4C+W9X,https://lh3.googleusercontent.com/gps-cs-s/AHVAweoX-Kz432om9btjt70jEJeEWTnMnLVHWDT1qwr2E_O6mhohSFkSU050cVRb29rd4ueWqN8c95MFRUypIju4YPqP5hbMdKEl2XM4kNqFqK31PG2RMTbM0kdyLX26WHbnwZXkCLKUyQ=w80-h106-k-no
https://www.google.com/maps/place/L%E1%BA%A9u+G%C3%A0+H%C6%B0ng+-+Qu%C3%A1n+%C4%83n+Gia+%C4%91%C3%ACnh/data=!4m7!3m6!1s0x317533ca2d70dfd7:0xb709262b72e8b207!8m2!3d10.6223936!4d106.6127701!16s%2Fg%2F11hdsg0tmw!19sChIJ199wLcozdTERB7LocismCbc?authuser=0&hl=vi&rclk=1,Lẩu Gà Hưng - Quán ăn Gia đình,"4,3",34 ĐT835B,https://lh3.googleusercontent.com/p/AF1QipMVOd6MOmXfcOOBOKWVwpwa7SU3BXFxmNgKOrub=w98-h92-k-no
https://www.google.com/maps/place/H%E1%BB%99i+Ng%E1%BB%99+BBQ+C%E1%BA%A7n+Giu%E1%BB%99c/data=!4m7!3m6!1s0x3175373788155eab:0xf58f67734db1fa83!8m2!3d10.5999425!4d106.6634491!16s%2Fg%2F11r2hg6tp3!19sChIJq14ViDc3dTERg_qxTXNnj_U?authuser=0&hl=vi&rclk=1,Hội Ngộ BBQ Cần Giuộc,"4,3",122 QL50,https://lh3.googleusercontent.com/gps-cs-s/AHVAwep2yU7jtyq8tDJmyf3cQvbDUlozGBqLHbv_HBc0GOZck2M206IDF8dlntHceUnGe4UxzbTYcFVj_TZELBHlwr8gWwLZg1QasSFA47Wvd_Lo_ok1k05jMTC9N2O2aEszFM54hjJx=w128-h92-k-no
https://www.google.com/maps/place/B%C3%B2+L%C3%A1+L%E1%BB%91t+-+C%C3%A1+L%C3%B3c+N%C6%B0%E1%BB%9Bng+-+Ng%C3%A3+5/data=!4m7!3m6!1s0x317537cf7bfb0497:0x3ab3878930eebbc!8m2!3d10.6008916!4d106.664698!16s%2Fg%2F11s4_0gdl3!19sChIJlwT7e883dTERvOsOk3g4qwM?authuser=0&hl=vi&rclk=1,Bò Lá Lốt - Cá Lóc Nướng - Ngã 5,"4,6",10 ĐT835,https://lh3.googleusercontent.com/p/AF1QipNrnnIy8FVoxKTEFYqziWX538R-1QcdP1TS_myN=w163-h92-k-no
https://www.google.com/maps/place/Qu%C3%A1n+C%C6%A1m+-+Ph%C3%B2ng+Tr%E1%BB%8D+Hai+T%C3%A2m/data=!4m7!3m6!1s0x31753348196b6167:0x811782dd9f21b999!8m2!3d10.6425225!4d106.5935289!16s%2Fg%2F11nxrhwh8r!19sChIJZ2FrGUgzdTERmbkhn92CF4E?authuser=0&hl=vi&rclk=1,Quán Cơm - Phòng Trọ Hai Tâm,5,"57, ĐT835B",https://lh3.googleusercontent.com/gps-cs-s/AHVAweqZVboDlyfyMFg0oypWq4mK6mfNdxu0x8i3X1_kn4cnx2VyFCQFcn9wfyBfuNiRtDg2AkFx1HCXmu3LbWljjdqhwo8wSUmhlHy6-PCkCWSxtpQljAQKYJZtpAmJHMKQCHg0f4PTd11EEUHh=w92-h92-k-no
https://www.google.com/maps/place/L%E1%BA%A9u+ngon+49k/data=!4m7!3m6!1s0x317537e068994501:0x9261fdee720f2d8d!8m2!3d10.6015008!4d106.6686144!16s%2Fg%2F11v3my1gzz!19sChIJAUWZaOA3dTERjS0Pcu79YZI?authuser=0&hl=vi&rclk=1,Lẩu ngon 49k,"4,1",247 QL50,https://lh3.googleusercontent.com/p/AF1QipNMwSCUIWi1WqdiRg8tmTMvqs8XSaS1SDG63DaF=w80-h106-k-no
https://www.google.com/maps/place/Qu%C3%A1n+%E1%BB%90c+M%C3%ADa/data=!4m7!3m6!1s0x3175370011ade111:0x5658e3afe26cb319!8m2!3d10.599493!4d106.665337!16s%2Fg%2F11xtbd3zhb!19sChIJEeGtEQA3dTERGbNs4q_jWFY?authuser=0&hl=vi&rclk=1,Quán Ốc Mía,"4,8",174 Nguyễn An Ninh,https://lh3.googleusercontent.com/gps-cs-s/AHVAweooJrdZ_IZpCxpAyX240dRHGg6gPPN7I9o_7oj9KmQJU2FvqiAvAucqn_u3iO_sdBE2U7EEuNGkL6gchsxIuZQBsfZt9xmG9YRtEIOJp044FtVXOFYU58qJ6HQxinyNgUzJmH-E5oGW1Vs=w80-h106-k-no
https://www.google.com/maps/place/Nh%C3%A0+H%C3%A0ng+LUXURY/data=!4m7!3m6!1s0x31753700538c8d13:0x99fcccc45eddf5f1!8m2!3d10.6045755!4d106.6635206!16s%2Fg%2F11qmrn42dy!19sChIJE42MUwA3dTER8fXdXsTM_Jk?authuser=0&hl=vi&rclk=1,Nhà Hàng LUXURY,"4,4",·,https://lh3.googleusercontent.com/gps-cs-s/AHVAwep6vQX1o9s7jSxCIZEdkWk_Jbu-48jaL174IBtLp8TyKb92o93s-oAeLI409oDK-8-tpvstHZnm-CtIr77pjsUZKCWaE_p5QeIhRN_7ylwFF1NyAaB0evDzFl3GMfkrR5RgSUnFsQ=w122-h92-k-no
https://www.google.com/maps/place/Qu%C3%A1n+Chay+25K/data=!4m7!3m6!1s0x317533704064bad1:0x3868df9b8609478a!8m2!3d10.6392381!4d106.6031004!16s%2Fg%2F11wxtp2s1z!19sChIJ0bpkQHAzdTERikcJhpvfaDg?authuser=0&hl=vi&rclk=1,Quán Chay 25K,5,"ĐT835B 774 ĐT 835B, Ấp Long Thạnh",https://lh3.googleusercontent.com/p/AF1QipMTArlhfWvXC1GmLiIo6_89gxgmQUv_5lxUER8U=w163-h92-k-no
https://www.google.com/maps/place/Karaoke+Xuka/data=!4m7!3m6!1s0x3175370d4fb0b09d:0x88ee4590f517db0f!8m2!3d10.6027326!4d106.6557834!16s%2Fg%2F11tcd9ncl9!19sChIJnbCwTw03dTERD9sX9ZBF7og?authuser=0&hl=vi&rclk=1,Karaoke Xuka,"4,6",ĐT835,https://lh3.googleusercontent.com/gps-cs-s/AHVAwer6ItsTFclkKdNIdJnfS6eDSIoyhE5BICxFDtQXzZ2fWG4bUEt_tJ8loVs-qdaenXh5oXsCIg4TfVjjc3L_Imh9_3YGJBr3inVLs_gnjvrOncfRDxOe50ni8l4iOvh3WQtEZAkOEopmimGZ=w80-h106-k-no
https://www.google.com/maps/place/Qu%C3%A1n+%E1%BB%90c+777/data=!4m7!3m6!1s0x317536dc2f947eb5:0x7932bcec5069864b!8m2!3d10.5982894!4d106.6697643!16s%2Fg%2F11vzdv0pfs!19sChIJtX6UL9w2dTERS4ZpUOy8Mnk?authuser=0&hl=vi&rclk=1,Quán Ốc 777,"4,4","HMX9+8W6, Trương Văn Bang",https://lh3.googleusercontent.com/gps-cs-s/AHVAwepDjyIIuUC76DU4bPGcxvDdC-ab7PX5STJew_GjaPz5YzD2cN8Af0nVclhSTc6BPx2btPAliVR70jT3Q2q6xueGyjdBYTI10QIzbQuUISIXR2fywvVe54XZc_uSjhida01jUmTDAr6fVB-V=w92-h92-k-no
https://www.google.com/maps/place/M%C3%AC+Cay+Seoul+C%E1%BA%A7n+Giu%E1%BB%99c/data=!4m7!3m6!1s0x3175374c940a69c1:0x954afdfae21c8288!8m2!3d10.6018222!4d106.6693171!16s%2Fg%2F11kq6894vn!19sChIJwWkKlEw3dTERiIIc4vr9SpU?authuser=0&hl=vi&rclk=1,Mì Cay Seoul Cần Giuộc,"3,5",227 QL50,https://lh3.googleusercontent.com/gps-cs-s/AHVAwerlgj9sJXY5HEkMm3dvgQ_RiETpWhIAnfXjE7kX8YS_f1G9TlJRVAWLSACjxcE0_izUklIhJa8YWW3r54vIBG0jO-gZ5IKelPiGUW2jB78ENVm1P4e_toCxSGqP9vy-I0kAfEDPgp0AYx0k=w122-h92-k-no
https://www.google.com/maps/place/Ph%E1%BB%9F+H%C3%A0+N%E1%BB%99i/data=!4m7!3m6!1s0x317531b8b9798439:0x11dde25a094bdced!8m2!3d10.6212828!4d106.666131!16s%2Fg%2F11j05q_g2r!19sChIJOYR5ubgxdTER7dxLCVri3RE?authuser=0&hl=vi&rclk=1,Phở Hà Nội,"4,4",·,https://lh3.googleusercontent.com/gps-cs-s/AHVAweqZCRfm5KmlOt_NrXfV38vQ4hIDFfuviKo34CBq_RZz2LBXCLcmKSCuY73uS28sWU0X1kCXdoMDFqHScqxubXGa101Ucxy27ckkvPJGfIB9gZuvbkJTwB1a4Fq9k7q4F7lTkisG=w80-h106-k-no
https://www.google.com/maps/place/Qu%C3%A1n+Nh%E1%BA%ADu+%C3%9At+C%C3%A2u/data=!4m7!3m6!1s0x3175346b3c262b31:0xd1b4432353e2f725!8m2!3d10.6022313!4d106.6043091!16s%2Fg%2F11ljc_931k!19sChIJMSsmPGs0dTERJffiUyNDtNE?authuser=0&hl=vi&rclk=1,Quán Nhậu Út Câu,"4,2","JJ23+VPV, ĐT835",https://streetviewpixels-pa.googleapis.com/v1/thumbnail?panoid=vbRb86iowHw4S2KiePgyLA&cb_client=search.gws-prod.gps&w=80&h=92&yaw=341.28433&pitch=0&thumbfov=100
https://www.google.com/maps/place/C%C6%A1m+Chay+Hai+M%E1%BB%ABng/data=!4m7!3m6!1s0x317536d9daca09eb:0x9c0e5e96ca390b21!8m2!3d10.605034!4d106.6725137!16s%2Fg%2F12lr4gvqf!19sChIJ6wnK2tk2dTERIQs5ypZeDpw?authuser=0&hl=vi&rclk=1,Cơm Chay Hai Mừng,"4,4",16 Đặng Vĩnh Phúc,https://lh3.googleusercontent.com/gps-cs-s/AHVAwerq33wJcxpze4Q2MtTl_e2F8284wT_9hQbszym9J5mGtqzhtEAJfWn5221NQoedn7lCIcWwL8ge5Yc350EMTJDXBfVzlcVs3kQIIlGJ7KerYj2YgUP_DxwyKE1mMnRNYf-7fK-Wyg=w80-h142-k-no
https://www.google.com/maps/place/L%E1%BA%A9u+%26+N%C6%B0%E1%BB%9Bng+Pocpoc+BBQ+Beer+Garden+C%E1%BA%A7n+Giu%E1%BB%99c/data=!4m7!3m6!1s0x31753720b2078b95:0x5b5436276b9f6833!8m2!3d10.5996207!4d106.6633791!16s%2Fg%2F11vk_2gdjs!19sChIJlYsHsiA3dTERM2ifayc2VFs?authuser=0&hl=vi&rclk=1,Lẩu & Nướng Pocpoc BBQ Beer Garden Cần Giuộc,"4,7",137 QL50,https://lh3.googleusercontent.com/gps-cs-s/AHVAweqSwp5oC31vPWfhy_HIe-J98WCNXoQ-FncgUu6Y9ZjFZAO9q7uN1rkGJMuecyk2ganAaM3iZx3YMFt1rEgxAXE46_QXclWiB-KLJPYsH98FUqzwRbw7rviGvxH4h6_khby4cmqN=w80-h106-k-no
https://www.google.com/maps/place/Qu%C3%A1n+%C4%82n+S%C3%A2n+V%C6%B0%E1%BB%9Dn+Ng%E1%BB%8Dc+V%E1%BA%B9n/data=!4m7!3m6!1s0x317535066d61ef35:0x7fd6e793157af279!8m2!3d10.6090987!4d106.6063944!16s%2Fg%2F11kjjm6ykf!19sChIJNe9hbQY1dTERefJ6FZPn1n8?authuser=0&hl=vi&rclk=1,Quán Ăn Sân Vườn Ngọc Vẹn,"4,1",17 Ấp Trong,https://lh3.googleusercontent.com/gps-cs-s/AHVAweo_u9u3yvrJ3BfiP_f1-6spB0t1rRLoZR4MKEC_yMSEPjwuw-gaHjCL88IbSz01v7uw0ifuavOZ8j-FC0eeJgQD3YsejWQZa27dAgFIZ0xuKDeunUvqfAMq2ZCMAsyN-OGSVi0ThA=w122-h92-k-no
https://www.google.com/maps/place/Ph%E1%BB%9F+Ch%C3%ADn+%C4%90%C6%B0%E1%BB%A3c/data=!4m7!3m6!1s0x317536c4a95b2429:0xe9363b9a4eaa1239!8m2!3d10.6009847!4d106.6640899!16s%2Fg%2F11fzf9313x!19sChIJKSRbqcQ2dTERORKqTpo7Nuk?authuser=0&hl=vi&rclk=1,Phở Chín Được,"4,1",·,https://lh3.googleusercontent.com/gps-cs-s/AHVAwepxe5WTeypyqm0T4KPjj3XED1ZQGvPm50O9W6IHjCEBP9Qd1rEkgt1s6INZL8RJwp-wC8hnVE-3gbS0gYW7olJHTeJqmJfuaO-RZHGu9Ot2CMiBmr4uY7pzAA5DwGflo1jsnY7ix59q2_dD=w122-h92-k-no
https://www.google.com/maps/place/Nh%C3%A0+h%C3%A0ng+B%E1%BA%BFn+Sen+-+B%E1%BA%BFn+Sen+Restaurant/data=!4m7!3m6!1s0x317530a1ea18e233:0x985521846913b7c3!8m2!3d10.6347222!4d106.7189598!16s%2Fg%2F11bw44mqst!19sChIJM-IY6qEwdTERw7cTaYQhVZg?authuser=0&hl=vi&rclk=1,Nhà hàng Bến Sen - Bến Sen Restaurant,"4,1",,https://lh3.googleusercontent.com/gps-cs-s/AHVAweq8wHes2KLEIku8fZt_fvfAQyY_fafKwNQzZTl-omZe_343jWVEj6Lghw9RoLlGJ2LgE12_w-id_Z2sWMSYlTtgz7mL5PfxOZURlCmsnI0Ve-0U4cqd9g6pRh6UGDFmY7OeOECXUA=w122-h92-k-no
https://www.google.com/maps/place/G%C3%A0+r%C3%A1n+Aloha+C%E1%BA%A7n+Giu%E1%BB%99c/data=!4m7!3m6!1s0x3175376adcd505f3:0xf2e472b477d59e75!8m2!3d10.6054428!4d106.656394!16s%2Fg%2F11fm7k7fs8!19sChIJ8wXV3Go3dTERdZ7Vd7Ry5PI?authuser=0&hl=vi&rclk=1,Gà rán Aloha Cần Giuộc,"2,4","JM44+5HC, QL50",https://lh3.googleusercontent.com/gps-cs-s/AHVAwep7vTxVoKSmlsKIhVpYRzyR2c6KEsMObrDj4wl1M1188QnBXzJTySvH_XLpVabv-M4nj4mP8zC2DYdijXK8Z9yG4fbnE4YjC9kDaIOa6SBC4l6UuSH0e3trMCdiz738GTM0woYVtw=w122-h92-k-no
https://www.google.com/maps/place/L%E1%BA%A9u+G%C3%A0+L%C3%A1+%C3%89+Hu%E1%BB%B3nh+Gia+C%E1%BA%A7n+Giu%E1%BB%99c/data=!4m7!3m6!1s0x317537d18acd1945:0x9358a2080f7f64ca!8m2!3d10.5995743!4d106.6633718!16s%2Fg%2F11y48p73ym!19sChIJRRnNitE3dTERymR_DwiiWJM?authuser=0&hl=vi&rclk=1,Lẩu Gà Lá É Huỳnh Gia Cần Giuộc,"4,4",947 QL50,https://lh3.googleusercontent.com/p/AF1QipPjwase4WBv74iyKUqYbtMapJ-8Do_Yty4agHK8=w80-h95-k-no
https://www.google.com/maps/place/Qu%C3%A1n+%C4%83n+ch%E1%BB%8B+T%C3%BD/data=!4m7!3m6!1s0x317537001c48354d:0x89bfddb0cc38cae8!8m2!3d10.6076528!4d106.6717636!16s%2Fg%2F11yksx6qzg!19sChIJTTVIHAA3dTER6Mo4zLDdv4k?authuser=0&hl=vi&rclk=1,Quán ăn chị Tý,5,9 Nghĩa Sĩ,https://lh3.googleusercontent.com/gps-cs-s/AHVAweqap6mevMiFYi011RNgz2jH8IIhkh0gLlaQxOHtBhT0zOVi29NC5-3vgdVBWz_WHmjWBoVmZm4x8wpAA35UgoFblhuPoEXRZs4YTg-mEE-gcAHaNPzjGAzGIokEX4ZX3QxTxlP-MjiRyCDQ=w122-h92-k-no
https://www.google.com/maps/place/%28C%C6%A1+s%E1%BB%9F+D%E1%BA%A1y+th%C3%AAm+C%E1%BA%A7n+Giu%E1%BB%99c%29+Qu%C3%A1n+H%E1%BB%93ng+Trinh/data=!4m7!3m6!1s0x317531090a640fcb:0x8d5202c185aa3db9!8m2!3d10.6327707!4d106.656339!16s%2Fg%2F11s3wpfb4r!19sChIJyw9kCgkxdTERuT2qhcECUo0?authuser=0&hl=vi&rclk=1,(Cơ sở Dạy thêm Cần Giuộc) Quán Hồng Trinh,5,"JMM4+5F8, ĐH11",https://lh3.googleusercontent.com/p/AF1QipNHDohtHD7PAlWsTlihn0nSGp1U9oIFnPPenzSV=w122-h92-k-no
https://www.google.com/maps/place/Qu%C3%A1n+V%E1%BB%8Bt+C%C3%B4+B%E1%BA%A3y/data=!4m7!3m6!1s0x317537f4b729e62d:0x3c1508669018582e!8m2!3d10.601678!4d106.6682488!16s%2Fg%2F11h0ttvfy7!19sChIJLeYpt_Q3dTERLlgYkGYIFTw?authuser=0&hl=vi&rclk=1,Quán Vịt Cô Bảy,"4,4",264 QL50,https://lh3.googleusercontent.com/gps-cs-s/AHVAweqO6RnEsuvhuY8bcIQr8_oH_1OROwf0uJYNAFfrEJqlnsfiqFs8JZi6cInGvQ259-cSy1b02WEyqvTNoN_BdavPjOxUQzNU_2tasxVOwcSLBJliHKyV1EwAF9pZk10_IP8faKo0=w122-h92-k-no
https://www.google.com/maps/place/L%E1%BA%A9u+Chay+Thi%E1%BB%81n+Vi%C3%AAn/data=!4m7!3m6!1s0x31753304e4ce7481:0xbb141ac5dad5b4d3!8m2!3d10.6447734!4d106.5902059!16s%2Fg%2F11g0h1nj7v!19sChIJgXTO5AQzdTER07TV2sUaFLs?authuser=0&hl=vi&rclk=1,Lẩu Chay Thiền Viên,"4,6",ĐT835B,https://lh3.googleusercontent.com/p/AF1QipPf6JmnMzHg5bEGAdzrL9x1BvTlKeN1TWHbAvFT=w122-h92-k-no
https://www.google.com/maps/place/Qu%C3%A1n+Mi+Mi+%28%E1%BB%91c+%C4%91%C3%AAm%29+c%E1%BA%A7n+giu%E1%BB%99c/data=!4m7!3m6!1s0x3175316f2a5e1b6b:0xadb4e66faa49d92c!8m2!3d10.6393301!4d106.6577008!16s%2Fg%2F11jdcv8t8g!19sChIJaxteKm8xdTERLNlJqm_mtK0?authuser=0&hl=vi&rclk=1,Quán Mi Mi (ốc đêm) cần giuộc,"4,7",Hoàng Thái Mart,https://lh3.googleusercontent.com/gps-cs-s/AHVAwepHQqGWh9WF8iPVD0l1jETfblHbwLFzYaYkbZTSB6pyU5SELU99B-Gbdwb6sFk4gV-SXaAs5K3MEB4ul87KxX1cKYoTV4KOwfaDBpZjxVuoHWbrLBdZizU9UPjqydTEg-R9LZ0=w122-h92-k-no
https://www.google.com/maps/place/C%E1%BB%ADa+h%C3%A0ng+V%E1%BB%8Bt+quay-Heo+quay+G%C3%81I/data=!4m7!3m6!1s0x317537b20ec27ac3:0x41e4b0de20eaee70!8m2!3d10.6099161!4d106.6714351!16s%2Fg%2F11qpv_5tlg!19sChIJw3rCDrI3dTERcO7qIN6w5EE?authuser=0&hl=vi&rclk=1,Cửa hàng Vịt quay-Heo quay GÁI,5,JM5C+XH7,https://streetviewpixels-pa.googleapis.com/v1/thumbnail?panoid=UIoYOElAoSGJC9qFlyjiLg&cb_client=search.gws-prod.gps&w=80&h=92&yaw=308.25735&pitch=0&thumbfov=100
https://www.google.com/maps/place/B%E1%BA%BFp+Th%C3%A1i/data=!4m7!3m6!1s0x317537000d3916b3:0xf5df40a74df86a9e!8m2!3d10.5994096!4d106.6652758!16s%2Fg%2F11wx6y0vrw!19sChIJsxY5DQA3dTERnmr4TadA3_U?authuser=0&hl=vi&rclk=1,Bếp Thái,"4,8",174 Nguyễn An Ninh,https://lh3.googleusercontent.com/gps-cs-s/AHVAweqM-Gfv4RYlaLgw4GlsP8K9bq11bCEXRQNy6a93jPWy1rJF-r6KXFhLJaenF_KwPVwH5oQanWiaUtQNV-EsDzBFHgVqFHVlpkPOs6bwVZ4X9duKa_JX5bYxpM8KlPnV1h9sKPzARO7IDJvN=w80-h106-k-no
https://www.google.com/maps/place/Qu%C3%A1n+%C4%82n+Ph%C6%B0%E1%BB%9Bc+H%E1%BA%A1nh/data=!4m7!3m6!1s0x317536c314535e49:0x287b49c0df30b6b6!8m2!3d10.5991526!4d106.6629107!16s%2Fg%2F11c1t57c2n!19sChIJSV5TFMM2dTERtrYw38BJeyg?authuser=0&hl=vi&rclk=1,Quán Ăn Phước Hạnh,"4,3","HMX7+M57, QL50",https://lh3.googleusercontent.com/gps-cs-s/AHVAweoZSZK-z2gRCr3MW_OrRb4ovlH8D-weuJ60MTq0dFB8K60KJmZLOB2gmP46TR4h56tq8T60U_ZGHsQE2ieShrpGLroBmsCD8jL_klI8zPzBmiyg44Fefnp9Gfv_AdCly2mdlbDB=w122-h92-k-no
https://www.google.com/maps/place/Qu%C3%A1n+%C3%9At+Th%E1%BB%8D/data=!4m7!3m6!1s0x31753700031f4e2d:0x37014db24fd403bf!8m2!3d10.5342216!4d106.6530207!16s%2Fg%2F11w4txmks4!19sChIJLU4fAwA3dTERvwPUT7JNATc?authuser=0&hl=vi&rclk=1,Quán Út Thọ,"4,5",GMM3+M6R,https://lh3.googleusercontent.com/gps-cs-s/AHVAweo58kNACR_CyZyiZQK89bETOuVNpIP-K_a6civgZr3Ex2U6C_19DgLS9exhhA-oj4yk7zeniHcHhFanjs0q0E9sQO31pMfUB_YSUuaN8qExAZtSCOfW2sbLCTReHNnCXtuajM53AQUGlU_I=w80-h106-k-no
https://www.google.com/maps/place/Qu%C3%A1n+L%E1%BA%A9u+D%C3%AA+Ba+Nhi%E1%BB%87m/data=!4m7!3m6!1s0x317536daec8984f7:0xf8c4784533b1b622!8m2!3d10.6044756!4d106.6664683!16s%2Fg%2F11c57cl04n!19sChIJ94SJ7No2dTERIraxM0V4xPg?authuser=0&hl=vi&rclk=1,Quán Lẩu Dê Ba Nhiệm,"4,4",72 Đ. Nguyễn Thái Bình,https://lh3.googleusercontent.com/gps-cs-s/AHVAwepufXI8Z1NWQpHLVanQlFeMTKI9SLDevupN_f63F1oMMDJBI4ET1UZGVYiV4kdxvXwqDosFJJTfFHd81qlq6g4lPmEGHB4CMg0OrbdwQk2EvWTAkbvAjdMsPJMuFbz4y1GNgTtjvg=w80-h106-k-no
https://www.google.com/maps/place/Qu%C3%A1n+%C4%83n+tr%C3%AD/data=!4m7!3m6!1s0x31753500280a5161:0xa04dc7af83eb6409!8m2!3d10.6009128!4d106.6632108!16s%2Fg%2F11w9fhps3l!19sChIJYVEKKAA1dTERCWTrg6_HTaA?authuser=0&hl=vi&rclk=1,Quán ăn trí,"4,6","JM27+978, ĐT835",https://lh3.googleusercontent.com/gps-cs-s/AHVAwer4g99CgUPlsNzgjxfrXv7g7eSIkxCXqIxCQzW8KkOhSKHiPF0WvXV8nyloHABsPEJUCwfoG_DCuqpKcYiPVRUs63voXPasWQ5z3Ygd2sDZ1pmmiOOap4yGcrL214fWC9t97eTOuRp65u3e=w80-h106-k-no
https://www.google.com/maps/place/QU%C3%81N+%C4%82N+GIANG+THANH/data=!4m7!3m6!1s0x317536d722b13459:0x79334674743b2594!8m2!3d10.6078609!4d106.6720385!16s%2Fg%2F1hc3zqftm!19sChIJWTSxItc2dTERlCU7dHRGM3k?authuser=0&hl=vi&rclk=1,QUÁN ĂN GIANG THANH,5,"3 NGHĨA SĨ CẦN GIUỘC, HUYỆN MỘC HÓA, THỊ TRẤN MỘC HÓA, TỈNH LONG AN",https://streetviewpixels-pa.googleapis.com/v1/thumbnail?panoid=RnLeS7dQeNilmMTzvTVh9Q&cb_client=search.gws-prod.gps&w=80&h=92&yaw=333.42233&pitch=0&thumbfov=100
https://www.google.com/maps/place/Qu%C3%A1n+%C4%82n+gia+%C4%91%C3%ACnh+%26+cafe+Nh%E1%BB%B1t+Hi%E1%BA%BFu/data=!4m7!3m6!1s0x317537ce78b9ca77:0xc5396e15adf41acb!8m2!3d10.5631717!4d106.6758684!16s%2Fg%2F11tbwhchm_!19sChIJd8q5eM43dTERyxr0rRVuOcU?authuser=0&hl=vi&rclk=1,Quán Ăn gia đình & cafe Nhựt Hiếu,"4,3","HM7G+789, Ấp 2",https://lh3.googleusercontent.com/gps-cs-s/AHVAweo1NuKZV3XVYSGnxg8e3ityuYM185eKePpol05mGFtZob-oJfmZYgmYJzU_Ls1nhAoSYOVNBW2s1Zha-EcXg19_flkeMD3JWxziiJ0FI3o-YfO6cRBpkxWaPifFdEQUZLACoAVvUQ=w80-h106-k-no
https://www.google.com/maps/place/SOOJIN+BBQ/data=!4m7!3m6!1s0x3175379689bdda0d:0x62100959c6ae90e!8m2!3d10.6022486!4d106.6574294!16s%2Fg%2F11xgyhylf_!19sChIJDdq9iZY3dTERDulqnJUAIQY?authuser=0&hl=vi&rclk=1,SOOJIN BBQ,"4,8",153 ĐT835,https://lh3.googleusercontent.com/gps-cs-s/AHVAwepYM5bKQCeDWBUw7CNA2FkZukRLiwJBs9ywSQSQLS26wuEyIfp8zQPXaHm095_vneXL9ZPnTqJc3QK_S2S-t-mX5NPes7Nr0vvjuy57fcA5ew0YMCq7f-s4n8JZGIVwQjV45uTr0Xxnb4n2=w122-h92-k-no
https://www.google.com/maps/place/h%E1%BA%A3i+s%E1%BA%A3n+c%E1%BA%A7n+gi%E1%BB%9D/data=!4m7!3m6!1s0x3175317b990810f1:0x38f537e633f90f6!8m2!3d10.667456!4d106.6508657!16s%2Fg%2F11h_t5vshb!19sChIJ8RAImXsxdTER9pA_Y35TjwM?authuser=0&hl=vi&rclk=1,hải sản cần giờ,"4,6",Văn Tiến Dũng,https://lh3.googleusercontent.com/p/AF1QipMEXYZPVYyZ9kEn30QZU9G6ZREN-pPEh2un2Z9V=w122-h92-k-no
https://www.google.com/maps/place/35BBQ+L%E1%BA%A8U+%26+N%C6%AF%E1%BB%9ANG+KH%C3%94NG+KH%C3%93I/data=!4m7!3m6!1s0x317537603ce79da3:0xd29457eecb956a8a!8m2!3d10.5998703!4d106.663671!16s%2Fg%2F11lkgs_0yv!19sChIJo53nPGA3dTERimqVy-5XlNI?authuser=0&hl=vi&rclk=1,35BBQ LẨU & NƯỚNG KHÔNG KHÓI,"3,8","HMX7+WFV, QL50",https://lh3.googleusercontent.com/gps-cs-s/AHVAwerAMhqhrMHZzOgF4Hh5_ZVAhZq70h72y-P7t4jF1Vuuvy3zPXJQ_ZZH5LtVc7CbagTTk8p4sOKMnq3m7Lht5pLR0Zmw-4jLeuJezUDNvVnXeL0UUamxcAdA9BNoSoBXfGSX2HTq_g=w163-h92-k-no
https://www.google.com/maps/place/G%C3%A0+quay+217+-+C%E1%BA%A7n+Giu%E1%BB%99c/data=!4m7!3m6!1s0x317537b2cee7ff8f:0xbd13d851ca56f3de!8m2!3d10.6025431!4d106.6535092!16s%2Fg%2F11rm_8wjh9!19sChIJj__nzrI3dTER3vNWylHYE70?authuser=0&hl=vi&rclk=1,Gà quay 217 - Cần Giuộc,"3,8",306 ĐT835,https://lh3.googleusercontent.com/p/AF1QipN0731Zn_YnJsmE2Qn6bHa9zepNmiq0QEh8faD9=w92-h92-k-no
https://www.google.com/maps/place/Karaoke+T%C3%A2n+Ph%C6%B0%C6%A1ng+Nam/data=!4m7!3m6!1s0x31753779f361e79b:0xfa2a2ce292217819!8m2!3d10.6010566!4d106.6627469!16s%2Fg%2F11fmh6w_rx!19sChIJm-dh83k3dTERGXghkuIsKvo?authuser=0&hl=vi&rclk=1,Karaoke Tân Phương Nam,"3,8",149 ĐT835,https://streetviewpixels-pa.googleapis.com/v1/thumbnail?panoid=pFxoO78pCuTlmvEACB5nUA&cb_client=search.gws-prod.gps&w=80&h=92&yaw=223.89536&pitch=0&thumbfov=100
https://www.google.com/maps/place/Nh%C3%A0+H%C3%A0ng+GoldFish/data=!4m7!3m6!1s0x317536d995555555:0xd910b674d6cf0bfb!8m2!3d10.6047373!4d106.6721016!16s%2Fg%2F11g6s68y1p!19sChIJVVVVldk2dTER-wvP1nS2ENk?authuser=0&hl=vi&rclk=1,Nhà Hàng GoldFish,"4,2",JM3C+VRX,https://streetviewpixels-pa.googleapis.com/v1/thumbnail?panoid=SdR6yduPnxqSmfua8rRGng&cb_client=search.gws-prod.gps&w=80&h=92&yaw=282.75146&pitch=0&thumbfov=100
https://www.google.com/maps/place/Qu%C3%A1n+n%C6%B0%E1%BB%9Bng+X%C3%AC+Trum/data=!4m7!3m6!1s0x31753772a3db0915:0x9084c2b0449f6255!8m2!3d10.6045193!4d106.6708729!16s%2Fg%2F11g2qmdsmx!19sChIJFQnbo3I3dTERVWKfRLDChJA?authuser=0&hl=vi&rclk=1,Quán nướng Xì Trum,4,131 QL50,https://streetviewpixels-pa.googleapis.com/v1/thumbnail?panoid=ZsS_kh4rP_pyNOtYXMRSeg&cb_client=search.gws-prod.gps&w=80&h=92&yaw=82.41563&pitch=0&thumbfov=100
https://www.google.com/maps/place/H%E1%BB%92NG+T%C6%AF%E1%BB%A2NG+Qu%C3%A1n/data=!4m7!3m6!1s0x3175379961b0b341:0x4317580a241f9d16!8m2!3d10.5969871!4d106.6678028!16s%2Fg%2F11h3qrlqw9!19sChIJQbOwYZk3dTERFp0fJApYF0M?authuser=0&hl=vi&rclk=1,HỒNG TƯỢNG Quán,4,Đường Nguyễn An Ninh,https://lh3.googleusercontent.com/gps-cs-s/AHVAweqRQrkcWcGLjBxCXAJXFzLQ6DrpuaRu98D9X2fQA5228gTtrvgpOMDHEbTHgH2tCeUuB-9j7B_GW56foR6Ye8CxEUS6ZjAO_lNTVNWR_H37lZbAmUa1KU0yCRv-1j69T27r4COy=w80-h106-k-no
https://www.google.com/maps/place/Qu%C3%A1n+Ph%E1%BB%91+N%C6%B0%E1%BB%9Bng/data=!4m7!3m6!1s0x317537d7fdc0273d:0xde89342ab06f980f!8m2!3d10.6011226!4d106.6625226!16s%2Fg%2F11khs2cs8r!19sChIJPSfA_dc3dTERD5hvsCo0id4?authuser=0&hl=vi&rclk=1,Quán Phố Nướng,"4,3",80a ĐT835,https://lh3.googleusercontent.com/p/AF1QipPrVlg0rZgZp5-Qf2GsSlzmwNm4Z6_Rhs-e1ELX=w80-h106-k-no
https://www.google.com/maps/place/Qu%C3%A1n+%C4%90%C3%B4ng+Th%E1%BA%A1nh/data=!4m7!3m6!1s0x3175495ead1a6ab1:0x93146fbe0dafb4da!8m2!3d10.516007!4d106.6676444!16s%2Fg%2F11sz1961b3!19sChIJsWoarV5JdTER2rSvDb5vFJM?authuser=0&hl=vi&rclk=1,Quán Đông Thạnh,"4,3",GM89+84,https://lh3.googleusercontent.com/gps-cs-s/AHVAwertfETUbJrvehye9K1jLXCyPcZi_UtepZddxroLhXnUuScQwF57niDDypSPSu6kHcsnXxqkcFVUjQmUIrYkDXhX7uJ3scGGBax_Y-sfwIvul0xM3SEgM4fEY-IciqC022xlgv_-=w92-h92-k-no
https://www.google.com/maps/place/Qu%C3%A1n+%E1%BB%90c+V%C4%83n+H%C6%B0%E1%BB%9Dng-Qu%C3%A1n+C%C3%A2y+Me/data=!4m7!3m6!1s0x3175375d6972b279:0x2b2e56fde6aaf822!8m2!3d10.6099929!4d106.6714924!16s%2Fg%2F11pv_962k7!19sChIJebJyaV03dTERIviq5v1WLis?authuser=0&hl=vi&rclk=1,Quán Ốc Văn Hường-Quán Cây Me,"4,2",2 Công Trường Phước Lộc,https://lh3.googleusercontent.com/gps-cs-s/AHVAwerQXltqpdPnriNL9A_UjHm3VGSewj7mnOOe3sQCydnK8c6iMnTQsNNWLo41ER_2Bb5QoOMQ1Yw4vi5JSx4CtpfuQLmv3ze8pZqA0YMAhCUTQ_hkwjby22PO2MGGfTkde55pEcuw=w80-h106-k-no
https://www.google.com/maps/place/Lotteria+Coopmart+C%E1%BA%A7n+Giu%E1%BB%99c/data=!4m7!3m6!1s0x317537f868c8e131:0x4f96900d2d5fe3dd!8m2!3d10.6054453!4d106.6564088!16s%2Fg%2F11tnbkk2vk!19sChIJMeHIaPg3dTER3eNfLQ2Qlk8?authuser=0&hl=vi&rclk=1,Lotteria Coopmart Cần Giuộc,"4,3","Mặt Tiền Đường Tuyến Tránh, QL50",https://lh3.googleusercontent.com/gps-cs-s/AHVAwep3Alh8dkEOa2UOj332v6kjm0ELvAg_vfyb8mudMNmmok12buj1KGTB88uAmnGqmlU0JSDJ-pvjMrQrgSUnE181FI-NbBH34F6jg-RGDnz7YU0MHRypeANLrpV5mbAmjSSxFQ=w122-h92-k-no
https://www.google.com/maps/place/T%E1%BB%ACU+L%E1%BA%A6U+QU%C3%81N/data=!4m7!3m6!1s0x31753bcae3002119:0xa8bb3ebd6e359d6e!8m2!3d10.6317194!4d106.7262702!16s%2Fg%2F11jyg918r4!19sChIJGSEA48o7dTERbp01br0-u6g?authuser=0&hl=vi&rclk=1,TỬU LẦU QUÁN,"4,5",A43-A46 KCN,https://lh3.googleusercontent.com/gps-cs-s/AHVAweqGUrg3kVI99lJtcAYW6wT6Mys9FW-SWl1cvTJeSl8_pqJMh9bPsHWDoM2M428-3zuyS-zBcu3uXrgZnKorrI7r4XSv-kX1BEVxDOC23192RdgiNQSWAzue2vAgqbn9NnjWQ-l3=w163-h92-k-no
https://www.google.com/maps/place/C%C6%A1m+G%C3%A0+X%E1%BB%91i+M%E1%BB%A1+Kim+Ph%E1%BB%A5ng+%7C+C%C6%A1m+G%C3%A0+Ngon+C%E1%BA%A7n+Giu%E1%BB%99c+%7C+C%C6%A1m+G%C3%A0+X%E1%BB%91i+M%E1%BB%A1+Long+An/data=!4m7!3m6!1s0x317537002eb149bf:0x708e94abb3ccfbbb!8m2!3d10.6147679!4d106.6656133!16s%2Fg%2F11wp562j2k!19sChIJv0mxLgA3dTERu_vMs6uUjnA?authuser=0&hl=vi&rclk=1,Cơm Gà Xối Mỡ Kim Phụng | Cơm Gà Ngon Cần Giuộc | Cơm Gà Xối Mỡ Long An,5,Đ. Nguyễn Thái Bình/45 Trí Yên,https://lh3.googleusercontent.com/gps-cs-s/AHVAweqXvfPlT0Q3DcPug-eRpoQ8sm5jGWR1P41rOoJi2syWkn9s9dpv81kB44anokqHTQA21GaAiVu28zrF2hJf2VlmfwqB6it-9Odzw9DpcOL2b08CcsDzPFKJUyV0C3RFAeuDp9a3EA=w80-h106-k-no
https://www.google.com/maps/place/C%C6%A1m+T%E1%BA%A5m+Dung/data=!4m7!3m6!1s0x317537e5ed9b0f8f:0xa44a6b4b0443d39b!8m2!3d10.6037963!4d106.6702235!16s%2Fg%2F11h9kzn2hz!19sChIJjw-b7eU3dTERm9NDBEtrSqQ?authuser=0&hl=vi&rclk=1,Cơm Tấm Dung,"4,6",196 QL50,https://lh3.googleusercontent.com/gps-cs-s/AHVAweoweWFp7Yd84AsqETA3QCwallEpzEwWoEtytb9VlxX-yu7IOtN6uSKCXeQIDnZ9JIWrQmSWFEeQ_OPvPAmRuzwqLwSeVZ2Iuqz_dAvzk5tUgfgdnAnz9H-iO69hI331cDxlxOsmEMkPcUVD=w80-h106-k-no
https://www.google.com/maps/place/Qu%C3%A1n+C%C6%A1m+T%E1%BA%A5m+NGON/data=!4m7!3m6!1s0x317531efde90498d:0xa1231dbfc315e95!8m2!3d10.6340162!4d106.659739!16s%2Fg%2F11rylj8yl3!19sChIJjUmQ3u8xdTERlV4x_NsxEgo?authuser=0&hl=vi&rclk=1,Quán Cơm Tấm NGON,"3,9","Quốc lộ 50,khu phố Tân Xuân,thị trấn Cần Giuộc",https://lh3.googleusercontent.com/gps-cs-s/AHVAwer6xyySF2l_oBrzK7ITxIAdNS2d399rx-mXhvBUcHzuKgxx6zUxh-PgZRsZ1UMPnIVQZ4PVdvcRs-dU6GAlp_iHWld9O7SxuKJ__IxAIhtcPXz3yjc-SclFfHntbmtQE8zqKyQx=w80-h142-k-no
https://www.google.com/maps/place/M%E1%BA%ABu+%C4%90%C6%A1n+Qu%C3%A1n/data=!4m7!3m6!1s0x317537f3ce63314b:0xb648ffe56a11d963!8m2!3d10.5843505!4d106.650264!16s%2Fg%2F11y3lltcl0!19sChIJSzFjzvM3dTERY9kRauX_SLY?authuser=0&hl=vi&rclk=1,Mẫu Đơn Quán,5,,https://lh3.googleusercontent.com/gps-cs-s/AHVAwerMuaEHQJmapB3aCT4UsffYzdSY2S4uchYT5agPCH_qC0iaAaU4JfUT1yjDgLpBVw1QlOuIFRg5H9mGbUbKEy4_PnOilcVylozf_qYXcI64Cav5Z_3t4wyKpAN2Bf34uwpCuVS88A=w122-h92-k-no
https://www.google.com/maps/place/M%C3%AC+cay+Korea+C%E1%BA%A7n+Giu%E1%BB%99c/data=!4m7!3m6!1s0x31753708dcb40875:0x310357836ce5d262!8m2!3d10.6013315!4d106.6675187!16s%2Fg%2F11qnctqhzc!19sChIJdQi03Ag3dTERYtLlbINXAzE?authuser=0&hl=vi&rclk=1,Mì cay Korea Cần Giuộc,"3,4",271 QL50,https://lh3.googleusercontent.com/gps-cs-s/AHVAweqQMqdu9nJkYKmbDtMbfkIvR5XyhB68fZkiI-cXEeqQgnnHtmDQws4_K6QbC3NTvApY9_PFhFavhddqzHdI2nxvvd1-8SYhBSYrwde18hGYI_9ix2hr1qhrWU-TmahBCxDchdom=w122-h92-k-no
https://www.google.com/maps/place/Qu%C3%A1n+Chay+6+Nh%E1%BB%8F/data=!4m7!3m6!1s0x317536d98bddb5f1:0xa0f035ef43ac5f61!8m2!3d10.6041071!4d106.6706623!16s%2Fg%2F11hm45xww7!19sChIJ8bXdi9k2dTERYV-sQ-818KA?authuser=0&hl=vi&rclk=1,Quán Chay 6 Nhỏ,5,153 QL50,https://lh3.googleusercontent.com/gps-cs-s/AHVAwepFYnMhh0WhQZ-e00y25rlIY-Xg0BcxzMh1HcQJ1CaeSgl2dT4Wpza1z0-0Y-A3QOTewTywnqK8f-gh-6IfFsDP0SWCrIxakM2fIg0s18JsvXMC2oo3CZPUP6efApamA118GEN4eV21B_Q=w122-h92-k-no
https://www.google.com/maps/place/Ch%C3%A1o+v%E1%BB%8Bt+10/data=!4m7!3m6!1s0x317533d29380d1e9:0xfc5e9a4d010b290e!8m2!3d10.6264331!4d106.6121295!16s%2Fg%2F11fgm70lrt!19sChIJ6dGAk9IzdTERDikLAU2aXvw?authuser=0&hl=vi&rclk=1,Cháo vịt 10,5,,https://lh3.googleusercontent.com/gps-cs-s/AHVAweq4Tgn_GxgwtIBMSSvH4wySV9yEcKMmp0blljHNPbVxU5bR1SovpB1eb8vfC10ojFgGIW-zXHcpw3oxXMPtPohfUN0-8YyQScRLPso8zbIhPxLN2xj0rn5vnQI49zqv0etd_v_r=w80-h142-k-no
https://www.google.com/maps/place/Qu%C3%A1n+Ph%E1%BB%9F+-B%C3%BAn+b%C3%B2+Hu%E1%BA%BF+T%C3%A1m+T%E1%BB%A7n/data=!4m7!3m6!1s0x317531ea7780e4b9:0x2711b365b21cd264!8m2!3d10.6206878!4d106.6663981!16s%2Fg%2F11szfx459j!19sChIJueSAd-oxdTERZNIcsmWzESc?authuser=0&hl=vi&rclk=1,Quán Phở -Bún bò Huế Tám Tủn,"4,8",279 QL50,https://lh3.googleusercontent.com/p/AF1QipP1_EXg6bZDe_rrA-Snyceh1vui8whNVbdr0-Sk=w122-h92-k-no
https://www.google.com/maps/place/Ch%E1%BB%A3+C%E1%BA%A7n+Giu%E1%BB%99c/data=!4m7!3m6!1s0x317536d6ced66027:0xcbad3f0f259ba0de!8m2!3d10.6103363!4d106.6708549!16s%2Fg%2F1v62f4dq!19sChIJJ2DWztY2dTER3qCbJQ8_rcs?authuser=0&hl=vi&rclk=1,Chợ Cần Giuộc,"4,3",Trương Công Định,https://lh3.googleusercontent.com/gps-cs-s/AHVAweopK3o1_Z9lg2bJZyHPSk4WmQeQcBpp1UFRMY72Cg49h4kpS0xisbqq_4fFOAs30QeqPHvuP6C7SkHp4zPV86RiewjsN6hOAzYR05Y3h1m634KBNuPW-69aHxBpgRYUpZdZEVU=w122-h92-k-no
https://www.google.com/maps/place/%C3%9AT+TI%C3%8AN+QU%C3%81N+-+B%C3%BAn+%C4%91%E1%BA%ADu+m%E1%BA%AFm+t%C3%B4m+-+L%E1%BA%ABu+M%E1%BA%AFm/data=!4m7!3m6!1s0x31753793a0031cbb:0x908d8eaa13c9ebe6!8m2!3d10.6063455!4d106.6692934!16s%2Fg%2F11n21plh8x!19sChIJuxwDoJM3dTER5uvJE6qOjZA?authuser=0&hl=vi&rclk=1,ÚT TIÊN QUÁN - Bún đậu mắm tôm - Lẫu Mắm,"4,2",59 Nguyễn Thị Bảy,https://lh3.googleusercontent.com/gps-cs-s/AHVAweqb7wA9pJAqFjM1X-z8JCJECivH-rfAK2s_lClMS1WO-jSbnrI3RsGiwjpY8PAm42GCF4mGROyYN5iU9nbsmcbJuIuc7g6TCUcRsVSmzsQxfEpJqda-oeHDojMjNtoe4uZDi-cVYai9H7ME=w80-h106-k-no
https://www.google.com/maps/place/Qu%C3%A1n+%C4%82n+Minh+T%C3%A2m/data=!4m7!3m6!1s0x317536d2d16f5491:0xfe8138507f9a0132!8m2!3d10.6164628!4d106.666932!16s%2Fg%2F11lwckgx8y!19sChIJkVRv0dI2dTERMgGaf1A4gf4?authuser=0&hl=vi&rclk=1,Quán Ăn Minh Tâm,"3,4","JM88+HQM, QL50",https://streetviewpixels-pa.googleapis.com/v1/thumbnail?panoid=thh30LEeHN6o6Tj4IcMnFQ&cb_client=search.gws-prod.gps&w=80&h=92&yaw=265.92392&pitch=0&thumbfov=100
https://www.google.com/maps/place/B%C3%B2+n%C3%A9+M%E1%BB%99c+Ho%E1%BA%A3/data=!4m7!3m6!1s0x317537d12c73a575:0xebfb57db87ca4861!8m2!3d10.603465!4d106.6702161!16s%2Fg%2F11smdrsy4v!19sChIJdaVzLNE3dTERYUjKh9tX--s?authuser=0&hl=vi&rclk=1,Bò né Mộc Hoả,"3,4",173 QL50,https://lh3.googleusercontent.com/gps-cs-s/AHVAweoq8cPIKiAoYVJpyEgEhlYLS708rYm1aF_FYTIx8XIG9vcrEzwpzV3gtKUjYTU-mOIphO-DQLOswiJYxl77qQpgduu9lYGXGL6iPm3f2v8UHWZxRRL_AsZwLdKfQ1suBDqhBOhf=w80-h106-k-no
https://www.google.com/maps/place/S+House+Riverside/data=!4m7!3m6!1s0x317537ea5c0693dd:0xf7a83db7b0024c4b!8m2!3d10.6127759!4d106.6708359!16s%2Fg%2F11kjg23yyy!19sChIJ3ZMGXOo3dTERS0wCsLc9qPc?authuser=0&hl=vi&rclk=1,S House Riverside,"3,7",Đình Trị Yên,https://lh3.googleusercontent.com/gps-cs-s/AHVAwerzboU2a6SlFTZFy9oXcUpaoZy-XF_BVLIQUns93FmcsvfQRECfBogsn7pEyyfheqMQb1tNb7ynPNhx_nNl7p-fC_A6Z95-P0fTzK_XsipT-j1uXwNUykP-at2b1bUjBcORQzxv=w122-h92-k-no
https://www.google.com/maps/place/H%E1%BB%A7+t%C3%ADu+Chay+C%C3%B4+M%C6%B0%E1%BB%9Di/data=!4m7!3m6!1s0x31753789370a9637:0x2d528c7261d7187b!8m2!3d10.6026407!4d106.6728624!16s%2Fg%2F11jbn6m0nj!19sChIJN5YKN4k3dTERexjXYXKMUi0?authuser=0&hl=vi&rclk=1,Hủ tíu Chay Cô Mười,"4,7",65 Nguyễn An Ninh,https://lh3.googleusercontent.com/gps-cs-s/AHVAwero6QfUc0sEYMLy7G-r6udhnwNFtsARxX0J-khDqBFwC0vSZCEfJRLLUl6Ji-2yAojQ5yL3-qAgJoBzu4El_FXpw2wq73Hx0CGCML4pM8lQHh4Kbpl80EHpC5rNLFqdi0_DgUQxK1Y7I-Oa=w80-h142-k-no
https://www.google.com/maps/place/H%E1%BB%A6+TI%C3%8A%C3%9A+B%C3%92+VI%C3%8AN+-+M%C3%8C+S%E1%BB%A6I+C%E1%BA%A2O/data=!4m7!3m6!1s0x31753752f3f6c941:0xc3dbc55369890e54!8m2!3d10.601215!4d106.6661019!16s%2Fg%2F11pz2x7k3v!19sChIJQcn281I3dTERVA6JaVPF28M?authuser=0&hl=vi&rclk=1,HỦ TIÊÚ BÒ VIÊN - MÌ SỦI CẢO,5,306 QL50,https://lh3.googleusercontent.com/gps-cs-s/AHVAweo5zVh61dmduDMhTJ04JwG9khmIxipKdAarWRV18rxkd5pTtghFOyNVAK7SjKKBTMS06gTv1IEqZ1xUuUpON8ynN6kqfrqv3DhyTBCVtT1KqQDt4FwJIC_j1KbyTrnzTSOJ7nef=w163-h92-k-no
https://www.google.com/maps/place/%E1%BB%90c+Boy/data=!4m7!3m6!1s0x317537650d976fbb:0x7b030b0e1bd62ee6!8m2!3d10.6042857!4d106.6704086!16s%2Fg%2F11gt9wf2kr!19sChIJu2-XDWU3dTER5i7WGw4LA3s?authuser=0&hl=vi&rclk=1,Ốc Boy,"3,7",174 QL50,https://lh3.googleusercontent.com/gps-cs-s/AHVAwepctK-v9I2GXukpMtRvC8qHGd_Z00uOjlyBCL2FgHOEAPPeSKxh8XGF0ov_zkUgXn6pUj54xYRXxYveIT-kl3hKN14VMBSsyuewe_KWRWpKgz06eIh1Sy1SfFgBcnO7WESrdEkMcQ=w122-h92-k-no
https://www.google.com/maps/place/N%C4%83m+Quang+H%E1%BB%A7+T%C3%ADu+Chay/data=!4m7!3m6!1s0x31753787a8292cbb:0x6271fc0e5460c79e!8m2!3d10.6031764!4d106.6702747!16s%2Fg%2F11gwmdy9rt!19sChIJuywpqIc3dTERnsdgVA78cWI?authuser=0&hl=vi&rclk=1,Năm Quang Hủ Tíu Chay,"4,4",177 QL50,https://lh3.googleusercontent.com/gps-cs-s/AHVAwerfX7XNALAacn_0OQaUAegXk2fnxRJtoQ_GVm8c-iL1j7N_jVI2qc8imxNsDD_1YM0DgyBScbJPQmntjEkFNr5IARtpC65NPX1sbcGNQn0lYjpl-kuoHgmZ4GdCvv8GZfI21HzP=w80-h106-k-no
https://www.google.com/maps/place/%E1%BB%90c+c%E1%BA%A7u+Thang+D%C3%AC+5/data=!4m7!3m6!1s0x317537622008b8f5:0x9b123a36c454c562!8m2!3d10.5973807!4d106.6688319!16s%2Fg%2F11pdptjwd5!19sChIJ9bgIIGI3dTERYsVUxDY6Eps?authuser=0&hl=vi&rclk=1,Ốc cầu Thang Dì 5,3,156 Nguyễn An Ninh,https://lh3.googleusercontent.com/gps-cs-s/AHVAweqURVRc7LvTojJsuUpMvmY66LIZfqPprFVjf2cL1DqZJL7xLw6eoefn23vv5JuLSfPgSa4pjs7uqgFov8qJIW1162ugZi_WDWUwOIR69TGICdCS0ti8CGvdJfgT-ILrOaRv4wdp=w80-h106-k-no
https://www.google.com/maps/place/B%C3%A1nh+x%C3%A8o+Ng%E1%BB%8Dc+Anh/data=!4m7!3m6!1s0x317536d7609fecbd:0xbd3c39aa6da04385!8m2!3d10.606019!4d106.671876!16s%2Fg%2F11h9__8h4x!19sChIJveyfYNc2dTERhUOgbao5PL0?authuser=0&hl=vi&rclk=1,Bánh xèo Ngọc Anh,"4,4",JM4C+CQ2,https://lh3.googleusercontent.com/gps-cs-s/AHVAweryPtPR59szmahcQj1YvA-ouvSghLMfqZFTsBfJbp7aqwdrR1zR8A_34PFH391S8IVfJbh-4aQu1FK5epVL41NEICf6Srf1hmVE6Rdsr72sxpKU6_7TJx-TdsgNnas1hA-sSJ8RjQ=w189-h92-k-no
https://www.google.com/maps/place/L%E1%BA%A9u+D%C3%AA+M%C6%B0%E1%BB%9Di+V%C3%A2n/data=!4m7!3m6!1s0x3175370ef4fe90d3:0x71fe1c7690baeb6f!8m2!3d10.5964504!4d106.6696038!16s%2Fg%2F11ffw6ry4y!19sChIJ05D-9A43dTERb-u6kHYc_nE?authuser=0&hl=vi&rclk=1,Lẩu Dê Mười Vân,"4,2",Đường Trương Văn Bang,https://lh3.googleusercontent.com/gps-cs-s/AHVAwep52g_gf38YJ7_gFNAWU-xT-faWKau51NUG1J2JF7g8erZuOHrDO3wqRyVrZj5B7QqDs0f8Ep2PiB2ZQ-FemEP0vMoccwp8cuGgmdOdk_xHA51wQWuowwfmZhixOIU-sIs-jqb5Zw=w122-h92-k-no
https://www.google.com/maps/place/L%C3%A2m+Sushi/data=!4m7!3m6!1s0x3175378af38e7971:0x5616252ab153b6e3!8m2!3d10.6060532!4d106.67247!16s%2Fg%2F11rmnmqtr0!19sChIJcXmO84o3dTER47ZTsSolFlY?authuser=0&hl=vi&rclk=1,Lâm Sushi,"4,6",75 Nguyễn Thị Bảy,https://lh3.googleusercontent.com/gps-cs-s/AHVAwepLaeV-JhR6sJ-9Vnsoz3SbxuOJNDW3BqfSoabniHJjLvlkzE-78DPX0brO_aQwJKA548M5GPjKR_6thOm3P3qFL0MP-CSGXY3AiStLuxu3bf171GkgOTv-1hyiPUDe_z71e34_OxM26-s1=w80-h106-k-no
https://www.google.com/maps/place/B%C3%BAn+Su%C3%B4n+D%C3%AC+Ba/data=!4m7!3m6!1s0x317537c5a39b8391:0x158e2ec80e82e6ed!8m2!3d10.6094515!4d106.6711657!16s%2Fg%2F11t9wr1ssz!19sChIJkYObo8U3dTER7eaCDsgujhU?authuser=0&hl=vi&rclk=1,Bún Suôn Dì Ba,"4,5",22 Trần Chí Nam,https://lh3.googleusercontent.com/gps-cs-s/AHVAwepCzqhgbqOmf6B7QCTw3U2Ue_kB1l8bgC6STojKG5zlBfGS0XTQrsACoezHGW3nWKnXigsMPTqW-N0UR-LRPlnS0HwgkXCb6R5PExALNMAI3UgTe2oCuf8vk1qR0C6REwzqERy5bw=w80-h106-k-no
https://www.google.com/maps/place/B%C3%B2+Kho+N%C4%83m+Hu%E1%BB%87/data=!4m7!3m6!1s0x317536c4a8342015:0x692ab490d864f117!8m2!3d10.6007777!4d106.6639252!16s%2Fg%2F11f30pdkbj!19sChIJFSA0qMQ2dTERF_Fk2JC0Kmk?authuser=0&hl=vi&rclk=1,Bò Kho Năm Huệ,"4,4",JM27+8H7,https://streetviewpixels-pa.googleapis.com/v1/thumbnail?panoid=DPi031lXNhCK4_-L_GXIrQ&cb_client=search.gws-prod.gps&w=80&h=92&yaw=217.83339&pitch=0&thumbfov=100
https://www.google.com/maps/place/Qu%C3%A1n+Ch%C3%A1o+l%C3%B2ng+B%E1%BA%A3o+H%C6%B0%C6%A1ng/data=!4m7!3m6!1s0x317537001ff0f42f:0xf8eb5d6c67cd6a19!8m2!3d10.5977448!4d106.6697554!16s%2Fg%2F11y4ljtzw5!19sChIJL_TwHwA3dTERGWrNZ2xd6_g?authuser=0&hl=vi&rclk=1,Quán Cháo lòng Bảo Hương,5,27 Trương Văn Bang,https://lh3.googleusercontent.com/gps-cs-s/AHVAwerZoGrX-jalc-zp8j9J4GVJ0WW3dSelamjbj2Y9w5ievG6g8odzKnjoWho3ei7XfoL9pGHQiBy0LfnZNN_QlzN2-VRPsvAlb6UbNVsyra_Bh3zBoLzlnK9Vce2hF1AWZJg9zYJY=w122-h92-k-no
https://www.google.com/maps/place/An+Dimsum/data=!4m7!3m6!1s0x317537bc6f5365dd:0xa0b4ac2a3f5eb160!8m2!3d10.6030827!4d106.6768179!16s%2Fg%2F11sgz_s3lp!19sChIJ3WVTb7w3dTERYLFePyqstKA?authuser=0&hl=vi&rclk=1,An Dimsum,5,17 Nguyễn Thị Bẹ,https://lh3.googleusercontent.com/p/AF1QipNlAdjTwp5hsSztAYLsBhA5QdPLzUzGMjPht0xV=w122-h92-k-no
https://www.google.com/maps/place/B%C3%A1nh+Bao+N%C4%83m+B%C3%A1/data=!4m7!3m6!1s0x317536c47d640c7d:0xb8f840f748af1363!8m2!3d10.6013941!4d106.661524!16s%2Fg%2F11f126v04y!19sChIJfQxkfcQ2dTERYxOvSPdA-Lg?authuser=0&hl=vi&rclk=1,Bánh Bao Năm Bá,5,87 ĐT835,https://lh3.googleusercontent.com/gps-cs-s/AHVAwepMgTVBPWEa_ZPsaTjvG_qU8mdWlHlg79uLMCcog3V0zn6F8Q_f6aitcU4F8drbw3DHvZGfrCPFb0_jRbaXiaX9zMPJgUJQVcH-O1AWojYgYaKcHec3WVyNSbGgsGP7qFvNzQ8ufyhE23__=w80-h106-k-no
https://www.google.com/maps/place/Ph%E1%BB%9F+Ph%C6%B0%E1%BB%9Bc/data=!4m7!3m6!1s0x31753737e96b37cd:0x633eb243bb69ff89!8m2!3d10.6029976!4d106.6702023!16s%2Fg%2F11gn254t8g!19sChIJzTdr6Tc3dTERif9pu0OyPmM?authuser=0&hl=vi&rclk=1,Phở Phước,4,183 QL50,https://streetviewpixels-pa.googleapis.com/v1/thumbnail?panoid=c8VqRhlB0f9cJNRgyMiteQ&cb_client=search.gws-prod.gps&w=80&h=92&yaw=62.235435&pitch=0&thumbfov=100
https://www.google.com/maps/place/M%C3%8C+TR%E1%BB%98N+-+C%C6%A0M+TR%E1%BB%98N+H%C3%80N+QU%E1%BB%90C+HF/data=!4m7!3m6!1s0x317537336386a4ad:0xebd5b1486b2d7550!8m2!3d10.6034505!4d106.672492!16s%2Fg%2F11tfvxghzl!19sChIJraSGYzM3dTERUHUta0ix1es?authuser=0&hl=vi&rclk=1,MÌ TRỘN - CƠM TRỘN HÀN QUỐC HF,"4,5",42A Nguyễn An Ninh,https://lh3.googleusercontent.com/p/AF1QipP4uY2L0HH39I42oBFd-DLCmJ9YwQQ6z37l2XXd=w129-h92-k-no
https://www.google.com/maps/place/PIZZA+C%E1%BA%A6N+GIU%E1%BB%98C/data=!4m7!3m6!1s0x3175312d3c93d401:0x18f7403e7602dbdd!8m2!3d10.6177476!4d106.6664705!16s%2Fg%2F11dy_j0zn2!19sChIJAdSTPC0xdTER3dsCdj5A9xg?authuser=0&hl=vi&rclk=1,PIZZA CẦN GIUỘC,"3,9",Trí Yên,https://lh3.googleusercontent.com/p/AF1QipO3N1eemBbkCFkorKzIz2GuK3EDhKAq4_TBWCsf=w80-h106-k-no
https://www.google.com/maps/place/L%E1%BA%A9u+d%C3%AA+%C4%90%E1%BB%A9c+L%E1%BB%99c+3/data=!4m7!3m6!1s0x3175379a6d5d0c3d:0x2e04b57b861972f7!8m2!3d10.6162522!4d106.6673601!16s%2Fg%2F11s5z6k1nz!19sChIJPQxdbZo3dTER93IZhnu1BC4?authuser=0&hl=vi&rclk=1,Lẩu dê Đức Lộc 3,"4,8",JM88+GW5,https://lh3.googleusercontent.com/gps-cs-s/AHVAweqtHk0i5Y5GbM93hBJWQKTSTTlejYh3YvQ0UEpHgFFNkxAHVqmR_gFW8v_5FsXJ1sPZ5SkMxiNbETulcSlUQJF9gh9oqUufM7K7LOaazJSW4hAm61kUPf77IGQXHhYAQahPR2gFVg=w80-h106-k-no
https://www.google.com/maps/place/Qu%C3%A1n+%E1%BB%91c+Hi%E1%BA%BFu+Hi%E1%BB%87p/data=!4m7!3m6!1s0x31753716400aa13b:0x59793ecf13d44be7!8m2!3d10.601983!4d106.6588125!16s%2Fg%2F11sr_y00d9!19sChIJO6EKQBY3dTER50vUE88-eVk?authuser=0&hl=vi&rclk=1,Quán ốc Hiếu Hiệp,"3,6",102 ĐT835,https://lh3.googleusercontent.com/p/AF1QipNXkoKQ9b0aeREoABldHZzIBNUXINOYv3akcAxf=w122-h92-k-no
https://www.google.com/maps/place/B%C3%9AN+%C4%90%E1%BA%ACU+%C3%9AT+H%C3%80/data=!4m7!3m6!1s0x317537b752cda4e5:0x2725c23f32dee91b!8m2!3d10.6032217!4d106.6702771!16s%2Fg%2F11pyzs9w91!19sChIJ5aTNUrc3dTERG-neMj_CJSc?authuser=0&hl=vi&rclk=1,BÚN ĐẬU ÚT HÀ,"4,8",175/14 QL50,https://lh3.googleusercontent.com/gps-cs-s/AHVAweqY5ipzzNOWs4FQsD9FXnZFJwDUqYIjBtQR58Z1sk4p--hIDRNba_SEfNKnYqSQNdexIqBBNiWW2rwraEIaUf5YJ9mcH_O91GTJI6j3bNKv28dokF87rMoBnKVtUYxYbyCi_827=w122-h92-k-no
https://www.google.com/maps/place/PIZZA+BELLA+C%E1%BA%A6N+GIU%E1%BB%98C+CN10/data=!4m7!3m6!1s0x3175370031a25167:0x61f7b7e7b20681e5!8m2!3d10.6016057!4d106.6685828!16s%2Fg%2F11xp49rw74!19sChIJZ1GiMQA3dTER5YEGsue392E?authuser=0&hl=vi&rclk=1,PIZZA BELLA CẦN GIUỘC CN10,"3,9",249 QL50,https://lh3.googleusercontent.com/gps-cs-s/AHVAwer_-SaRMVstugwy0yu-L5FfD24H0Ju-ZZx05wF2-drs2P_5ft0mywGmzlu0lrSJh_tMcGURQnzpRvELjIxijGSXkcARPixY4jtPBWTF14veXVYpBB2ZvN3zgLYtl4g6PnZgeQWEnC32DoUF=w80-h106-k-no
https://www.google.com/maps/place/Euro+Qu%C3%A1n/data=!4m7!3m6!1s0x317537fe9c04f23b:0xccf3f92238301657!8m2!3d10.5996462!4d106.682329!16s%2Fg%2F11zjqh4jdf!19sChIJO_IEnP43dTERVxYwOCL588w?authuser=0&hl=vi&rclk=1,Euro Quán,"4,6","DT 826C/1274 đường Ấp Lũy, xã",https://lh3.googleusercontent.com/p/AF1QipMOYZMP0m7-BUUjVZmW5acSUML3wdrmIKNDEZJb=w122-h92-k-no
https://www.google.com/maps/place/C%C6%A1m+g%C3%A0+ph%C6%B0%C6%A1ng+k%C3%BD+3/data=!4m7!3m6!1s0x317537a6ee885e25:0x2c4d336055b1bdcb!8m2!3d10.620003!4d106.6665575!16s%2Fg%2F11vc6pxgcd!19sChIJJV6I7qY3dTERy72xVWAzTSw?authuser=0&hl=vi&rclk=1,Cơm gà phương ký 3,"3,4",299 QL50,https://lh3.googleusercontent.com/gps-cs-s/AHVAweoSFM83-PVLe6LqLl8iKZzgsckhAZdZV-9z1ILE9WI5yaIcyugK4Q49rz98MslRHfF77ULciz-EzqjK5Lt95YcDoJnC5XSQ3M4Tm6MavOXxMC04pjyd1-4eTws8TFjMyhYywwqtFhMofQY=w80-h106-k-no
https://www.google.com/maps/place/Qu%C3%A1n+%C4%83n+2chi+em/data=!4m7!3m6!1s0x317537000e7c1305:0xbc72d092f085c5b9!8m2!3d10.5972327!4d106.6826539!16s%2Fg%2F11wqf_jxz1!19sChIJBRN8DgA3dTERucWF8JLQcrw?authuser=0&hl=vi&rclk=1,Quán ăn 2chi em,5,1314 ĐT826C,https://lh3.googleusercontent.com/gps-cs-s/AHVAwer_mfP_KjSbObVPoyD_J1HPgVV5Q12cZyXApBVXDgHFdzw-YWG3tGzgjQkZW8cktWn3HBv5i6qNZNvP66MBs83x2eWgO6Rwi28jo50ydau3dHXVIxZwNxGPS1O_WfqYV__WFV2HRw=w80-h106-k-no
https://www.google.com/maps/place/G%C3%A0+N%C6%B0%E1%BB%9Bng+%C4%90%C3%ACnh+Qu%C3%A2n+C%C3%A1c/data=!4m7!3m6!1s0x317537004f832043:0x5579d67cd38dc2f6!8m2!3d10.6086148!4d106.6706332!16s%2Fg%2F11x8czlsr2!19sChIJQyCDTwA3dTER9sKN03zWeVU?authuser=0&hl=vi&rclk=1,Gà Nướng Đình Quân Các,"3,3",49 QL50,https://lh3.googleusercontent.com/p/AF1QipPDL6KOXY8T9xF50Wynu0MTyEb7-BuHDFeZ6nAw=w122-h92-k-no
https://www.google.com/maps/place/Ch%C3%A8+m%C3%A2m+ng%C5%A9+s%E1%BA%AFc+Ch%C3%ADch+B%C3%B4ng/data=!4m7!3m6!1s0x317537000c8f5fb3:0x84f53fc075b91fe4!8m2!3d10.6062385!4d106.6704815!16s%2Fg%2F11yj6c4rqw!19sChIJs1-PDAA3dTER5B-5dcA_9YQ?authuser=0&hl=vi&rclk=1,Chè mâm ngũ sắc Chích Bông,5,24 Nguyễn Thị Bảy,https://lh3.googleusercontent.com/p/AF1QipPptLPX0ZMfkLGn7psMUHKe_wh6AlxWOKs6iL6z=w80-h106-k-no
https://www.google.com/maps/place/QU%C3%81N+%E1%BB%90C168/data=!4m7!3m6!1s0x31753700154bf537:0x351ee730c0b5a27a!8m2!3d10.5952642!4d106.6698687!16s%2Fg%2F11y90s1p5f!19sChIJN_VLFQA3dTEReqK1wDDnHjU?authuser=0&hl=vi&rclk=1,QUÁN ỐC168,"3,9","HMW9+4W5, Trương Văn Bang",https://lh3.googleusercontent.com/gps-cs-s/AHVAweroDxaqBMQ8scmURxYoeZBVYKKsfOkduBi65T9H_qqV10lBJltU15aSViXvVCfSZ2G7_Sa3YkjhPY6FoxbGdxorqaKVYZuhKUbmW4kQv7SdmokWEtKeunq7TECY5V62k_RMKWnaHNzvHoz-=w92-h92-k-no
https://www.google.com/maps/place/B%C3%81NH+M%C3%8C+CH%E1%BB%8A+%C4%90%E1%BA%A4U/data=!4m7!3m6!1s0x317537f7634f765f:0xdb4a989cb8088872!8m2!3d10.6083786!4d106.6705841!16s%2Fg%2F11h52mt5dj!19sChIJX3ZPY_c3dTERcogIuJyYSts?authuser=0&hl=vi&rclk=1,BÁNH MÌ CHỊ ĐẤU,"4,5","JM5C+964, QL50",https://lh3.googleusercontent.com/gps-cs-s/AHVAweo0R0lSeYdWatNkq8HEATQ3a6ydtjh8batlzyc4MVpw4RNY35VmYsd9J98h2lInbzuKGVluowO5z0pVb9PjDm9GC5AQuv1E6-BE-d1GpJjCR_-UI36CaiqRrswjLrgdoLJDmV57=w80-h142-k-no
https://www.google.com/maps/place/B%C3%BAn+%C4%90%E1%BA%ADu+M%E1%BA%AFm+t%C3%B4m+%22M%E1%BA%B8T%22+C%E1%BA%A7n+Giu%E1%BB%99c/data=!4m7!3m6!1s0x317537ba45f48c71:0x4010e262daeb9435!8m2!3d10.6041117!4d106.6560094!16s%2Fg%2F11j8t36kk2!19sChIJcYz0Rbo3dTERNZTr2mLiEEA?authuser=0&hl=vi&rclk=1,"Bún Đậu Mắm tôm ""MẸT"" Cần Giuộc","4,2",·,https://lh3.googleusercontent.com/gps-cs-s/AHVAweqLVo54pCiQnN3ArvQyZ4cbJ5A8rDU-_NSOPz9VlCukR1_7niG_NQRDMpR99O9Asph-KuRYrHSP2Z7mJDbHmdvnqpl7zdkAnR5vc-Ctg2Ko1N9t4TteKGSygt903C_smneoZqc=w163-h92-k-no
https://www.google.com/maps/place/Qu%C3%A1n+C%C6%A1m+Th%E1%BA%B1ng+L%E1%BB%99c+C%C6%A1/data=!4m7!3m6!1s0x31753744829a8d27:0x1c8e5e38b4028f67!8m2!3d10.6004837!4d106.6646223!16s%2Fg%2F11w3w7yfcl!19sChIJJ42agkQ3dTERZ48CtDhejhw?authuser=0&hl=vi&rclk=1,Quán Cơm Thằng Lộc Cơ,"4,3","JM27+6V2, QL50",https://lh3.googleusercontent.com/gps-cs-s/AHVAweoyfBTCI6E-b9OjVnWwU4r3YYMzSYcSut0vjHU8ahQHqWjvndnCG6knpExz7tgTU1V1Y05-rW0juhHRkmeVGXA8pAQpEEN5oMPv8iLqxvbpA2omwBddXo7qpt8DSE7IWci9WlU=w80-h106-k-no
https://www.google.com/maps/place/Ti%E1%BB%87m+Ph%E1%BB%9F+59/data=!4m7!3m6!1s0x317536da1fd0c627:0x7ff613da77635cf2!8m2!3d10.6045678!4d106.6703742!16s%2Fg%2F11csrxz3cn!19sChIJJ8bQH9o2dTER8lxjd9oT9n8?authuser=0&hl=vi&rclk=1,Tiệm Phở 59,"4,5",·,https://lh3.googleusercontent.com/gps-cs-s/AHVAwequgAG-0ZZ5cJ5ntMfrSGlPOTaoGgmWlNLUBe6D9klscuChRTnuLGVg_hoQOjfMNYmTxRV-kVv3KtaNKc6ygcvQ3lx8oULPZDef61NrVQzxf7tmDjJyZRzzEd7rfTyQqO-pVP2Mug=w80-h106-k-no
https://www.google.com/maps/place/B%C3%A1nh+M%C3%AC+Ch%E1%BA%A3o+%C4%90%C3%A2y+N%C3%A8/data=!4m7!3m6!1s0x317537002277e2c1:0x1fed02f009504bf!8m2!3d10.6030113!4d106.6720973!16s%2Fg%2F11yfyzk5pq!19sChIJweJ3IgA3dTERvwSVAC_Q_gE?authuser=0&hl=vi&rclk=1,Bánh Mì Chảo Đây Nè,5,42/3 Nguyễn An Ninh,https://lh3.googleusercontent.com/p/AF1QipNcrBL39kVo7I-Pi7uWlWHAzhkBefycoOqQsBE4=w80-h106-k-no
https://www.google.com/maps/place/Qu%C3%A1n+nh%E1%BA%ADu+anh+Nh%C3%A0n/data=!4m7!3m6!1s0x317536dbd06c97bb:0xcf671eb65b999b3d!8m2!3d10.6025071!4d106.6697238!16s%2Fg%2F11k2vq67ws!19sChIJu5ds0Ns2dTERPZuZW7YeZ88?authuser=0&hl=vi&rclk=1,Quán nhậu anh Nhàn,"2,7",232 QL50,https://lh3.googleusercontent.com/gps-cs-s/AHVAweoNUAez5r-BIOWCYy7XNJDSLKGihibBl_cOtRRO9X1rYu3mpkLWzYwET7wwDeaJiu1L3l5yYtv1H0A5IDpoXbNsw4ryXOoFrW72tB7lF7Bg5ZPc5idIdnPq5E1g1DYoQ50dUR_C2g=w122-h92-k-no
https://www.google.com/maps/place/B%C3%BAn+%C4%91%E1%BA%ADu+m%E1%BA%AFm+t%C3%B4m+ph%E1%BB%91+c%E1%BB%95/data=!4m7!3m6!1s0x317537f532d79c5d:0x3cf36856bcbf126b!8m2!3d10.5997805!4d106.6635608!16s%2Fg%2F11svg1nglm!19sChIJXZzXMvU3dTERaxK_vFZo8zw?authuser=0&hl=vi&rclk=1,Bún đậu mắm tôm phố cổ,"3,9","HMX7+WC7, QL50",https://lh3.googleusercontent.com/gps-cs-s/AHVAweq4A1fVbFEoeAcahscXdAi5fiVem0E91CcGAOxt2oMIhIeIJz4rjOE1XJmSzvnZsb5EAiWo5KM4__0u3bP_FUq_n0rVf3oy53bjiek61M4B2AIftIUNmtfFIa-umw8MJdDdP-fkWw=w122-h92-k-no
https://www.google.com/maps/place/C%C6%A1m+t%E1%BA%A5m+Nga/data=!4m7!3m6!1s0x317537729adbdafd:0x368f03f29b2a9792!8m2!3d10.6039925!4d106.6705926!16s%2Fg%2F11h7_5tlpk!19sChIJ_drbmnI3dTERkpcqm_IDjzY?authuser=0&hl=vi&rclk=1,Cơm tấm Nga,"3,9",192 QL50,https://lh3.googleusercontent.com/gps-cs-s/AHVAwerKWm0SsasEZa3W9nAA77Z2nD8lCEPvZymxh6lb82L87QnNMz50QLS2PDhjWel3SFo7VEcQxsw2OUumMMZb2HVg-q7e6xJkR7aK45dDQrQjWGVIS-Y92AHlMd5DbAWpjXF7zZGL=w80-h106-k-no